,id_measurement,probability,class
0,0,0.008257212,0.0
1,1,0.83451194,1.0
2,2,1.2345049e-06,0.0
3,3,2.3528912e-05,0.0
4,4,0.00073125877,0.0
5,5,0.00011321182,0.0
6,6,0.0003723163,0.0
7,7,0.0011392252,0.0
8,8,0.16571066,0.0
9,9,0.0021223056,0.0
10,10,8.460336e-05,0.0
11,11,0.00040774237,0.0
12,12,0.009064297,0.0
13,13,0.13832979,0.0
14,14,0.0077304114,0.0
15,15,6.0392842e-05,0.0
16,16,0.02290226,0.0
17,17,0.00015082418,0.0
18,18,0.0049757403,0.0
19,19,0.00024345978,0.0
20,20,0.000109842935,0.0
21,21,9.532961e-05,0.0
22,22,0.0014520343,0.0
23,23,0.0011795863,0.0
24,24,0.00082350493,0.0
25,25,0.0002077238,0.0
26,26,4.5898345e-05,0.0
27,27,0.00018817832,0.0
28,28,0.00010898938,0.0
29,29,0.010452787,0.0
30,30,0.06885439,0.0
31,31,0.003568852,0.0
32,32,1.6220962e-05,0.0
33,33,1.9524061e-05,0.0
34,34,0.00042245994,0.0
35,35,1.1641254e-05,0.0
36,36,0.0008896713,0.0
37,37,3.967039e-05,0.0
38,38,0.00958553,0.0
39,39,0.00012719043,0.0
40,40,0.037977796,0.0
41,41,0.41559198,0.0
42,42,0.0014302656,0.0
43,43,0.00011456725,0.0
44,44,0.0005596936,0.0
45,45,6.6108354e-05,0.0
46,46,0.00010027741,0.0
47,47,5.7811365e-05,0.0
48,48,0.029662117,0.0
49,49,0.00039374782,0.0
50,50,0.0003435688,0.0
51,51,8.3913816e-05,0.0
52,52,0.0034076693,0.0
53,53,1.961461e-05,0.0
54,54,0.00465732,0.0
55,55,2.6125538e-06,0.0
56,56,0.0019776085,0.0
57,57,0.000108569264,0.0
58,58,0.00043649768,0.0
59,59,6.0979357e-05,0.0
60,60,0.0011088612,0.0
61,61,0.007923063,0.0
62,62,0.011719709,0.0
63,63,2.228929e-05,0.0
64,64,0.0006564698,0.0
65,65,4.1673688e-05,0.0
66,66,0.008686055,0.0
67,67,0.62453514,1.0
68,68,7.0262363e-06,0.0
69,69,0.0009055039,0.0
70,70,3.5722044e-06,0.0
71,71,0.000497227,0.0
72,72,2.3848566e-05,0.0
73,73,4.1762443e-05,0.0
74,74,0.0012340036,0.0
75,75,0.00012612039,0.0
76,76,0.083276846,0.0
77,77,0.0017115632,0.0
78,78,0.00026758204,0.0
79,79,0.00028811488,0.0
80,80,0.012276485,0.0
81,81,0.0018156405,0.0
82,82,2.1040907e-05,0.0
83,83,0.00062885473,0.0
84,84,3.1636114e-07,0.0
85,85,7.844515e-05,0.0
86,86,0.002421675,0.0
87,87,0.019413978,0.0
88,88,0.026868897,0.0
89,89,0.08648636,0.0
90,90,0.43948552,0.0
91,91,0.0049789473,0.0
92,92,3.3896147e-05,0.0
93,93,0.83934677,1.0
94,94,6.49401e-06,0.0
95,95,0.8490762,1.0
96,96,0.7429843,1.0
97,97,0.00012001945,0.0
98,98,0.76669264,1.0
99,99,0.0010325133,0.0
100,100,0.00021460293,0.0
101,101,0.00016746693,0.0
102,102,0.00071531214,0.0
103,103,4.8901227e-05,0.0
104,104,3.6866626e-05,0.0
105,105,0.000104376035,0.0
106,106,4.8506212e-05,0.0
107,107,0.00018404868,0.0
108,108,0.005902115,0.0
109,109,0.001355721,0.0
110,110,0.014324261,0.0
111,111,0.012060937,0.0
112,112,0.0021931117,0.0
113,113,0.001925961,0.0
114,114,6.220774e-05,0.0
115,115,6.281506e-05,0.0
116,116,4.294511e-05,0.0
117,117,4.452145e-05,0.0
118,118,0.0036961213,0.0
119,119,0.0007536261,0.0
120,120,0.010342698,0.0
121,121,0.007272899,0.0
122,122,0.00011969624,0.0
123,123,0.00013722373,0.0
124,124,0.05470341,0.0
125,125,0.0019335708,0.0
126,126,0.000263779,0.0
127,127,2.028991e-05,0.0
128,128,9.21456e-05,0.0
129,129,0.00019130576,0.0
130,130,0.00078850816,0.0
131,131,1.2120416e-05,0.0
132,132,8.072268e-06,0.0
133,133,0.00071019604,0.0
134,134,0.0044110077,0.0
135,135,0.0006311394,0.0
136,136,0.92474204,1.0
137,137,0.00042344737,0.0
138,138,0.04446881,0.0
139,139,0.000117337055,0.0
140,140,0.00031577933,0.0
141,141,0.010542646,0.0
142,142,0.000358732,0.0
143,143,0.00011229629,0.0
144,144,0.9301409,1.0
145,145,0.83248883,1.0
146,146,0.003414763,0.0
147,147,0.010497715,0.0
148,148,0.005911725,0.0
149,149,0.00014172778,0.0
150,150,0.00080572657,0.0
151,151,0.0005191762,0.0
152,152,0.9408431,1.0
153,153,0.00068108283,0.0
154,154,1.3900527e-05,0.0
155,155,0.037154105,0.0
156,156,0.0017381585,0.0
157,157,1.3544976e-05,0.0
158,158,0.005441463,0.0
159,159,0.076803185,0.0
160,160,0.00017025963,0.0
161,161,0.0003003004,0.0
162,162,0.0006884755,0.0
163,163,3.1016425e-06,0.0
164,164,2.0255342e-05,0.0
165,165,4.397153e-05,0.0
166,166,0.0071972823,0.0
167,167,0.00010297812,0.0
168,168,0.029298816,0.0
169,169,0.025200373,0.0
170,170,7.276214e-06,0.0
171,171,0.0072321333,0.0
172,172,0.97062564,1.0
173,173,6.625288e-05,0.0
174,174,0.001137216,0.0
175,175,0.00012224614,0.0
176,176,0.0011814283,0.0
177,177,0.0077971187,0.0
178,178,7.997215e-05,0.0
179,179,3.630528e-06,0.0
180,180,0.31867737,0.0
181,181,0.00051800715,0.0
182,182,2.7621507e-05,0.0
183,183,0.00016933953,0.0
184,184,3.9247648e-06,0.0
185,185,0.0010540949,0.0
186,186,6.3482794e-06,0.0
187,187,5.8429987e-06,0.0
188,188,0.001963237,0.0
189,189,0.46460074,0.0
190,190,0.7604098,1.0
191,191,9.329552e-07,0.0
192,192,0.00030987756,0.0
193,193,0.00054426567,0.0
194,194,0.00018084986,0.0
195,195,0.0003404316,0.0
196,196,0.004282568,0.0
197,197,0.00090307667,0.0
198,198,3.5921028e-05,0.0
199,199,0.00053735834,0.0
200,200,0.0004981317,0.0
201,201,2.7362948e-05,0.0
202,202,1.9068175e-05,0.0
203,203,0.00024154029,0.0
204,204,0.008372793,0.0
205,205,0.00012795156,0.0
206,206,0.0035089816,0.0
207,207,0.000259115,0.0
208,208,2.6753154e-05,0.0
209,209,0.002769468,0.0
210,210,1.5430129e-05,0.0
211,211,0.0003600521,0.0
212,212,0.00087914034,0.0
213,213,0.036452007,0.0
214,214,0.00031325186,0.0
215,215,0.0064929496,0.0
216,216,0.0073804692,0.0
217,217,0.00067288324,0.0
218,218,0.0003759124,0.0
219,219,0.0001456434,0.0
220,220,0.00013144941,0.0
221,221,3.5538387e-06,0.0
222,222,0.00047707628,0.0
223,223,0.00027737464,0.0
224,224,8.896997e-05,0.0
225,225,0.00053621276,0.0
226,226,0.79853237,1.0
227,227,0.000101638565,0.0
228,228,2.7910257e-05,0.0
229,229,1.6273936e-05,0.0
230,230,0.00031537618,0.0
231,231,0.00037039188,0.0
232,232,0.026609099,0.0
233,233,0.9127214,1.0
234,234,0.07456073,0.0
235,235,0.810184,1.0
236,236,0.9881393,1.0
237,237,0.0055911024,0.0
238,238,2.2020546e-05,0.0
239,239,0.00011057954,0.0
240,240,0.0004457297,0.0
241,241,0.9874816,1.0
242,242,0.0003072579,0.0
243,243,3.487424e-05,0.0
244,244,4.3620865e-05,0.0
245,245,2.4760779e-05,0.0
246,246,6.756726e-06,0.0
247,247,0.00030861452,0.0
248,248,8.471682e-06,0.0
249,249,0.038062893,0.0
250,250,9.142981e-05,0.0
251,251,0.0037812053,0.0
252,252,0.013039071,0.0
253,253,1.6818403e-05,0.0
254,254,0.00028345498,0.0
255,255,0.001185474,0.0
256,256,0.00036694552,0.0
257,257,0.00021681571,0.0
258,258,0.00022834094,0.0
259,259,0.00092406856,0.0
260,260,0.02523356,0.0
261,261,2.2535922e-05,0.0
262,262,0.035244603,0.0
263,263,0.00037381647,0.0
264,264,0.00036236097,0.0
265,265,1.6807597e-05,0.0
266,266,3.656261e-05,0.0
267,267,0.0018504858,0.0
268,268,0.037913803,0.0
269,269,9.007057e-05,0.0
270,270,0.00026121474,0.0
271,271,0.32920486,0.0
272,272,0.00042370093,0.0
273,273,5.1967723e-05,0.0
274,274,3.4240267e-05,0.0
275,275,0.00010804719,0.0
276,276,0.015098829,0.0
277,277,0.00080342806,0.0
278,278,0.0020801956,0.0
279,279,0.02176219,0.0
280,280,2.9378256e-05,0.0
281,281,0.011078344,0.0
282,282,0.00023266353,0.0
283,283,0.00018245913,0.0
284,284,0.0001566749,0.0
285,285,0.000118157375,0.0
286,286,0.0015296203,0.0
287,287,0.013084669,0.0
288,288,0.0007372539,0.0
289,289,9.7252094e-05,0.0
290,290,0.011857941,0.0
291,291,0.00010684262,0.0
292,292,0.48235905,0.0
293,293,0.010016114,0.0
294,294,1.29477485e-05,0.0
295,295,0.18578644,0.0
296,296,0.005274189,0.0
297,297,5.2341988e-05,0.0
298,298,0.00029512253,0.0
299,299,0.015870754,0.0
300,300,0.00030765182,0.0
301,301,0.86900806,1.0
302,302,0.0048198355,0.0
303,303,0.0012298251,0.0
304,304,0.82078683,1.0
305,305,0.00022923837,0.0
306,306,0.0028860688,0.0
307,307,0.00052715925,0.0
308,308,0.102641776,0.0
309,309,2.7883922e-05,0.0
310,310,0.0001560386,0.0
311,311,0.00016564994,0.0
312,312,0.00046121815,0.0
313,313,0.84237576,1.0
314,314,4.6039328e-05,0.0
315,315,0.0010154224,0.0
316,316,0.022604624,0.0
317,317,0.0001579228,0.0
318,318,0.0003998419,0.0
319,319,0.0003955688,0.0
320,320,9.447856e-05,0.0
321,321,0.001075672,0.0
322,322,0.00074263976,0.0
323,323,0.014887805,0.0
324,324,0.0026685302,0.0
325,325,0.00013716264,0.0
326,326,7.963021e-06,0.0
327,327,3.4381752e-05,0.0
328,328,9.182247e-05,0.0
329,329,0.00030651008,0.0
330,330,0.00054295687,0.0
331,331,0.025158063,0.0
332,332,1.3278058e-05,0.0
333,333,0.00061903865,0.0
334,334,0.8331326,1.0
335,335,0.0044477507,0.0
336,336,0.00076405646,0.0
337,337,0.00017528703,0.0
338,338,0.0007934014,0.0
339,339,0.75669324,1.0
340,340,0.00025410453,0.0
341,341,0.0013381457,0.0
342,342,0.87044406,1.0
343,343,0.00020801694,0.0
344,344,0.8958863,1.0
345,345,8.11031e-05,0.0
346,346,0.00019269968,0.0
347,347,9.864611e-05,0.0
348,348,0.00012308516,0.0
349,349,0.004815094,0.0
350,350,0.97444904,1.0
351,351,0.0002043574,0.0
352,352,0.28700495,0.0
353,353,7.8947116e-05,0.0
354,354,9.2642156e-05,0.0
355,355,0.00070412003,0.0
356,356,0.005361915,0.0
357,357,0.0018960409,0.0
358,358,0.9235354,1.0
359,359,0.0012516606,0.0
360,360,1.4514756e-05,0.0
361,361,0.9808164,1.0
362,362,0.00010308148,0.0
363,363,0.043017946,0.0
364,364,0.00579506,0.0
365,365,1.2376392e-05,0.0
366,366,0.00024273637,0.0
367,367,9.735649e-05,0.0
368,368,5.61885e-05,0.0
369,369,2.2427223e-05,0.0
370,370,3.257397e-05,0.0
371,371,0.000105019084,0.0
372,372,0.0027864368,0.0
373,373,8.402373e-06,0.0
374,374,0.057561386,0.0
375,375,8.9469126e-05,0.0
376,376,0.00021248622,0.0
377,377,0.00018994694,0.0
378,378,0.96851414,1.0
379,379,0.0002975826,0.0
380,380,5.4292213e-05,0.0
381,381,0.0062149805,0.0
382,382,0.0002674739,0.0
383,383,0.0007265353,0.0
384,384,0.005258592,0.0
385,385,5.9838894e-05,0.0
386,386,3.7785656e-05,0.0
387,387,1.1305001e-05,0.0
388,388,8.726308e-06,0.0
389,389,7.7735705e-05,0.0
390,390,5.7864476e-05,0.0
391,391,4.419796e-05,0.0
392,392,0.012080167,0.0
393,393,0.030804368,0.0
394,394,0.0009961028,0.0
395,395,0.00013991183,0.0
396,396,0.00032611383,0.0
397,397,0.0018229246,0.0
398,398,0.0004149147,0.0
399,399,0.018222118,0.0
400,400,0.0005661109,0.0
401,401,7.868021e-06,0.0
402,402,1.7033748e-05,0.0
403,403,0.0015135148,0.0
404,404,0.0070773032,0.0
405,405,0.00017059667,0.0
406,406,0.0021866248,0.0
407,407,0.0006185256,0.0
408,408,0.00011486753,0.0
409,409,0.003163413,0.0
410,410,0.0006520359,0.0
411,411,0.00045377013,0.0
412,412,0.012489553,0.0
413,413,0.00027159395,0.0
414,414,1.8303559e-05,0.0
415,415,0.033757612,0.0
416,416,1.8606711e-06,0.0
417,417,0.00064388564,0.0
418,418,0.00256234,0.0
419,419,0.00086483144,0.0
420,420,0.048623513,0.0
421,421,0.819725,1.0
422,422,0.0037034575,0.0
423,423,1.976328e-05,0.0
424,424,0.006602226,0.0
425,425,0.0011366486,0.0
426,426,0.0013658075,0.0
427,427,0.0001534352,0.0
428,428,5.171633e-05,0.0
429,429,0.0021065902,0.0
430,430,3.8372214e-05,0.0
431,431,1.8534594e-05,0.0
432,432,0.0007783344,0.0
433,433,0.00020333331,0.0
434,434,0.00013841725,0.0
435,435,0.00010210903,0.0
436,436,0.00016117237,0.0
437,437,0.0001980582,0.0
438,438,5.089682e-05,0.0
439,439,0.189096,0.0
440,440,2.1105456e-05,0.0
441,441,3.487534e-05,0.0
442,442,0.0002531723,0.0
443,443,0.4950787,0.0
444,444,0.27262288,0.0
445,445,0.9552713,1.0
446,446,0.0033356927,0.0
447,447,0.007971817,0.0
448,448,0.0014057136,0.0
449,449,0.00035900399,0.0
450,450,0.0004722063,0.0
451,451,0.0003602873,0.0
452,452,0.00030289282,0.0
453,453,6.23611e-05,0.0
454,454,5.3963668e-05,0.0
455,455,0.00026612318,0.0
456,456,1.2902117e-05,0.0
457,457,4.4151497e-05,0.0
458,458,0.009441676,0.0
459,459,0.0035222247,0.0
460,460,0.00031473188,0.0
461,461,0.28235516,0.0
462,462,0.0001584471,0.0
463,463,0.0035506596,0.0
464,464,0.0010203935,0.0
465,465,0.00023115025,0.0
466,466,0.0003204195,0.0
467,467,5.4778415e-05,0.0
468,468,0.0014198716,0.0
469,469,0.0021170408,0.0
470,470,0.0005775776,0.0
471,471,0.0004788262,0.0
472,472,5.426694e-06,0.0
473,473,0.00020513654,0.0
474,474,0.00016604085,0.0
475,475,0.00026409279,0.0
476,476,0.00016448223,0.0
477,477,0.0017780004,0.0
478,478,0.82112956,1.0
479,479,0.00024580196,0.0
480,480,1.010183e-05,0.0
481,481,0.00064302585,0.0
482,482,0.0005279039,0.0
483,483,0.7938043,1.0
484,484,3.3484746e-05,0.0
485,485,0.9122778,1.0
486,486,4.5315173e-06,0.0
487,487,8.03222e-05,0.0
488,488,4.3988093e-05,0.0
489,489,0.00054405874,0.0
490,490,0.00022059372,0.0
491,491,0.0011747725,0.0
492,492,0.06768113,0.0
493,493,0.0077231154,0.0
494,494,0.0015516868,0.0
495,495,0.001559956,0.0
496,496,0.0004297706,0.0
497,497,0.10542022,0.0
498,498,0.0007057209,0.0
499,499,0.0008928372,0.0
500,500,9.031989e-07,0.0
501,501,2.4146806e-05,0.0
502,502,0.0071938634,0.0
503,503,0.0007652697,0.0
504,504,8.425459e-05,0.0
505,505,2.1332835e-06,0.0
506,506,3.9779265e-05,0.0
507,507,6.267714e-05,0.0
508,508,0.0003161803,0.0
509,509,0.00058019074,0.0
510,510,2.4072151e-05,0.0
511,511,0.00015300771,0.0
512,512,8.135601e-05,0.0
513,513,0.0001762512,0.0
514,514,0.0003585204,0.0
515,515,0.0001589219,0.0
516,516,0.00069880486,0.0
517,517,0.0011453339,0.0
518,518,0.0013833229,0.0
519,519,1.4224166e-05,0.0
520,520,0.032483634,0.0
521,521,0.004325908,0.0
522,522,4.2992968e-05,0.0
523,523,0.002262922,0.0
524,524,0.002368953,0.0
525,525,0.69015765,1.0
526,526,4.1195854e-05,0.0
527,527,0.00053732196,0.0
528,528,0.0012483103,0.0
529,529,0.0025040943,0.0
530,530,0.18042764,0.0
531,531,0.00017381972,0.0
532,532,1.9132567e-05,0.0
533,533,0.0010573978,0.0
534,534,2.668647e-05,0.0
535,535,1.52649e-05,0.0
536,536,0.005532386,0.0
537,537,0.00020853346,0.0
538,538,4.9191254e-05,0.0
539,539,5.2879663e-05,0.0
540,540,7.670691e-06,0.0
541,541,0.00084783626,0.0
542,542,0.00012571445,0.0
543,543,8.920041e-06,0.0
544,544,0.0028129523,0.0
545,545,0.0006247156,0.0
546,546,0.12486318,0.0
547,547,0.00012633693,0.0
548,548,4.5260622e-05,0.0
549,549,0.0016479493,0.0
550,550,1.1402004e-05,0.0
551,551,0.0012631221,0.0
552,552,4.2857107e-05,0.0
553,553,8.4982075e-06,0.0
554,554,0.00094632024,0.0
555,555,0.022364417,0.0
556,556,0.00059658237,0.0
557,557,4.093465e-05,0.0
558,558,0.00041055412,0.0
559,559,0.00036978538,0.0
560,560,0.0004281676,0.0
561,561,8.463984e-05,0.0
562,562,0.0071336236,0.0
563,563,0.00018860224,0.0
564,564,0.005121061,0.0
565,565,0.0087541565,0.0
566,566,0.00018205734,0.0
567,567,9.300596e-05,0.0
568,568,0.0077540767,0.0
569,569,0.018839328,0.0
570,570,8.989555e-07,0.0
571,571,0.0010566657,0.0
572,572,0.0025167873,0.0
573,573,0.051681723,0.0
574,574,0.00011682507,0.0
575,575,0.00049102306,0.0
576,576,0.0029801968,0.0
577,577,0.00075951574,0.0
578,578,2.944762e-05,0.0
579,579,0.36205044,0.0
580,580,0.012024922,0.0
581,581,0.0009344087,0.0
582,582,0.005856187,0.0
583,583,0.0018450893,0.0
584,584,0.00037919093,0.0
585,585,0.00031007171,0.0
586,586,0.00035826446,0.0
587,587,0.002305382,0.0
588,588,0.00029764132,0.0
589,589,0.013542706,0.0
590,590,1.396682e-05,0.0
591,591,0.00043239686,0.0
592,592,0.13394696,0.0
593,593,1.2823953e-05,0.0
594,594,0.00018226335,0.0
595,595,0.0012728621,0.0
596,596,1.3761674e-05,0.0
597,597,0.0006062534,0.0
598,598,8.629178e-05,0.0
599,599,0.00043214843,0.0
600,600,4.879967e-05,0.0
601,601,0.85931575,1.0
602,602,0.007479664,0.0
603,603,0.0044485824,0.0
604,604,0.00019327732,0.0
605,605,0.00062202004,0.0
606,606,0.00022210358,0.0
607,607,0.023741167,0.0
608,608,0.11870188,0.0
609,609,0.010633371,0.0
610,610,0.00269977,0.0
611,611,0.035490174,0.0
612,612,1.9577943e-05,0.0
613,613,9.796058e-06,0.0
614,614,1.2655576e-05,0.0
615,615,0.00020851097,0.0
616,616,0.26756206,0.0
617,617,0.0016796283,0.0
618,618,6.6319124e-05,0.0
619,619,0.0053880187,0.0
620,620,0.95488137,1.0
621,621,5.9217917e-05,0.0
622,622,0.00034944175,0.0
623,623,0.009774272,0.0
624,624,5.0374692e-05,0.0
625,625,0.00094337296,0.0
626,626,0.0011936072,0.0
627,627,0.00033599496,0.0
628,628,0.8948276,1.0
629,629,0.00356533,0.0
630,630,6.879488e-05,0.0
631,631,6.378995e-05,0.0
632,632,8.5512525e-05,0.0
633,633,0.6627571,1.0
634,634,1.8114612e-05,0.0
635,635,0.0031792677,0.0
636,636,0.00080684747,0.0
637,637,0.0051493878,0.0
638,638,0.00038705635,0.0
639,639,0.0026136779,0.0
640,640,0.00058991485,0.0
641,641,1.0882676e-05,0.0
642,642,3.9467912e-05,0.0
643,643,0.00014304474,0.0
644,644,0.0010727411,0.0
645,645,0.07111001,0.0
646,646,7.0616106e-06,0.0
647,647,0.0019335431,0.0
648,648,0.73146003,1.0
649,649,0.00017386182,0.0
650,650,3.5545295e-07,0.0
651,651,0.0008513035,0.0
652,652,0.008286699,0.0
653,653,3.9153125e-05,0.0
654,654,0.13426833,0.0
655,655,3.355011e-05,0.0
656,656,0.00057766354,0.0
657,657,0.0019052585,0.0
658,658,5.635822e-06,0.0
659,659,4.5869892e-06,0.0
660,660,0.00012498342,0.0
661,661,0.00010981989,0.0
662,662,0.00014356126,0.0
663,663,0.00019162123,0.0
664,664,0.9659117,1.0
665,665,0.0093020685,0.0
666,666,0.0017670627,0.0
667,667,0.0001874314,0.0
668,668,0.002535362,0.0
669,669,0.00031317424,0.0
670,670,0.016785821,0.0
671,671,0.0031033163,0.0
672,672,1.9524732e-05,0.0
673,673,0.1434007,0.0
674,674,9.8630204e-05,0.0
675,675,3.075184e-05,0.0
676,676,4.0560986e-05,0.0
677,677,0.0012316481,0.0
678,678,0.009736563,0.0
679,679,0.0012040249,0.0
680,680,0.017979035,0.0
681,681,0.00020793997,0.0
682,682,0.00023406999,0.0
683,683,0.0010682803,0.0
684,684,0.007633977,0.0
685,685,0.003932793,0.0
686,686,0.009028919,0.0
687,687,0.008657509,0.0
688,688,0.00015636896,0.0
689,689,0.00049770024,0.0
690,690,0.00095044693,0.0
691,691,0.00017621322,0.0
692,692,2.393129e-05,0.0
693,693,0.004904023,0.0
694,694,3.96727e-05,0.0
695,695,0.8128286,1.0
696,696,0.0028925885,0.0
697,697,0.2022268,0.0
698,698,0.034529455,0.0
699,699,0.7498393,1.0
700,700,0.0007980829,0.0
701,701,2.9012828e-05,0.0
702,702,3.0202676e-05,0.0
703,703,0.00017648042,0.0
704,704,5.356693e-05,0.0
705,705,0.8380091,1.0
706,706,0.8338188,1.0
707,707,0.0022926005,0.0
708,708,0.00013026253,0.0
709,709,2.4837045e-05,0.0
710,710,2.5506946e-05,0.0
711,711,0.015151662,0.0
712,712,0.056357972,0.0
713,713,0.87125576,1.0
714,714,0.0034837485,0.0
715,715,0.0032927897,0.0
716,716,0.00030151822,0.0
717,717,6.0530812e-05,0.0
718,718,0.00012056189,0.0
719,719,0.001170374,0.0
720,720,0.8147769,1.0
721,721,0.14007583,0.0
722,722,1.8545858e-05,0.0
723,723,0.3273338,0.0
724,724,0.00094283023,0.0
725,725,8.9417525e-05,0.0
726,726,3.2126212e-05,0.0
727,727,0.00013687389,0.0
728,728,0.004198265,0.0
729,729,0.008588864,0.0
730,730,6.365539e-06,0.0
731,731,0.9020126,1.0
732,732,0.00053541706,0.0
733,733,1.5233941e-05,0.0
734,734,0.00020169184,0.0
735,735,0.00016674577,0.0
736,736,0.0020487052,0.0
737,737,0.014983075,0.0
738,738,0.01199533,0.0
739,739,0.016081877,0.0
740,740,2.0139947e-05,0.0
741,741,0.2727742,0.0
742,742,3.1569758e-05,0.0
743,743,3.3569893e-05,0.0
744,744,1.0220946e-05,0.0
745,745,0.00048034164,0.0
746,746,0.0026664522,0.0
747,747,3.035459e-06,0.0
748,748,6.100914e-05,0.0
749,749,0.0024908825,0.0
750,750,0.0003516417,0.0
751,751,0.00030275222,0.0
752,752,0.000167367,0.0
753,753,0.0014670368,0.0
754,754,0.00011841025,0.0
755,755,0.0010188421,0.0
756,756,1.1969207e-05,0.0
757,757,0.00026971922,0.0
758,758,0.013293312,0.0
759,759,0.95532334,1.0
760,760,0.00010403054,0.0
761,761,0.019768758,0.0
762,762,0.0028914444,0.0
763,763,0.00023127787,0.0
764,764,5.7196426e-05,0.0
765,765,0.00041620614,0.0
766,766,0.0045117754,0.0
767,767,0.0007939806,0.0
768,768,0.0006648077,0.0
769,769,0.6450506,1.0
770,770,3.2374133e-05,0.0
771,771,0.04585845,0.0
772,772,0.001170248,0.0
773,773,0.00038837772,0.0
774,774,0.05780348,0.0
775,775,0.000952533,0.0
776,776,0.00038392318,0.0
777,777,3.794982e-05,0.0
778,778,2.2954131e-05,0.0
779,779,2.6679954e-05,0.0
780,780,0.00017379054,0.0
781,781,0.5648777,1.0
782,782,0.0005358806,0.0
783,783,0.00039202088,0.0
784,784,0.3055108,0.0
785,785,0.0042697564,0.0
786,786,0.00062066806,0.0
787,787,7.707978e-05,0.0
788,788,0.00010881927,0.0
789,789,3.0980045e-05,0.0
790,790,0.0014610792,0.0
791,791,0.00042847218,0.0
792,792,0.03918605,0.0
793,793,0.0021056863,0.0
794,794,0.002116956,0.0
795,795,0.000103454,0.0
796,796,0.0014700363,0.0
797,797,0.0065058935,0.0
798,798,0.00043655097,0.0
799,799,9.402702e-05,0.0
800,800,0.03013299,0.0
801,801,1.3689094e-05,0.0
802,802,0.009357981,0.0
803,803,0.00054879877,0.0
804,804,0.000447267,0.0
805,805,7.879699e-05,0.0
806,806,0.33723736,0.0
807,807,2.6939202e-05,0.0
808,808,0.001076967,0.0
809,809,0.034204766,0.0
810,810,9.454201e-05,0.0
811,811,9.686837e-05,0.0
812,812,0.0013392919,0.0
813,813,0.018734353,0.0
814,814,5.452216e-05,0.0
815,815,0.00013266114,0.0
816,816,0.0006964188,0.0
817,817,0.008576861,0.0
818,818,8.215417e-05,0.0
819,819,0.00017449708,0.0
820,820,0.00034310238,0.0
821,821,3.0056512e-05,0.0
822,822,0.008962749,0.0
823,823,1.445056e-05,0.0
824,824,0.0005224705,0.0
825,825,0.00032693034,0.0
826,826,0.005817091,0.0
827,827,0.0010192557,0.0
828,828,2.713707e-05,0.0
829,829,0.0012426979,0.0
830,830,0.39690143,0.0
831,831,0.00015083411,0.0
832,832,0.0007311228,0.0
833,833,0.007006379,0.0
834,834,0.021260252,0.0
835,835,3.7729773e-05,0.0
836,836,0.0011509949,0.0
837,837,0.00018920834,0.0
838,838,0.80212116,1.0
839,839,6.613743e-05,0.0
840,840,0.0067285,0.0
841,841,0.0029104315,0.0
842,842,0.011130822,0.0
843,843,0.0013504222,0.0
844,844,2.0806589e-05,0.0
845,845,6.9920825e-05,0.0
846,846,0.00048598013,0.0
847,847,0.0002696614,0.0
848,848,6.678604e-05,0.0
849,849,0.00044384587,0.0
850,850,0.0009629261,0.0
851,851,0.0077107507,0.0
852,852,0.00034695675,0.0
853,853,0.0057652025,0.0
854,854,0.0018251247,0.0
855,855,0.007658841,0.0
856,856,0.00063177914,0.0
857,857,0.0076772803,0.0
858,858,0.00020841497,0.0
859,859,0.10344247,0.0
860,860,0.00063890364,0.0
861,861,0.00024125143,0.0
862,862,0.010856951,0.0
863,863,0.0018114108,0.0
864,864,0.00041691618,0.0
865,865,3.3218e-05,0.0
866,866,0.0026215357,0.0
867,867,0.012763154,0.0
868,868,0.0010862869,0.0
869,869,0.00019617741,0.0
870,870,0.048976533,0.0
871,871,0.016111633,0.0
872,872,0.00025900878,0.0
873,873,0.0013032462,0.0
874,874,1.5521442e-05,0.0
875,875,0.0006985844,0.0
876,876,0.32651734,0.0
877,877,0.0001508131,0.0
878,878,0.00057935517,0.0
879,879,0.0017466962,0.0
880,880,0.8474927,1.0
881,881,4.1561052e-05,0.0
882,882,0.009329089,0.0
883,883,1.18378875e-05,0.0
884,884,0.0013183119,0.0
885,885,0.0003584011,0.0
886,886,8.8724184e-05,0.0
887,887,3.6716178e-06,0.0
888,888,0.0015743094,0.0
889,889,0.00031661888,0.0
890,890,5.902454e-05,0.0
891,891,3.223473e-05,0.0
892,892,3.951336e-05,0.0
893,893,0.0016161915,0.0
894,894,0.83614594,1.0
895,895,6.1557166e-06,0.0
896,896,0.00028910354,0.0
897,897,0.0014006064,0.0
898,898,3.578075e-05,0.0
899,899,0.0052805124,0.0
900,900,0.030113883,0.0
901,901,0.58077693,1.0
902,902,0.0001060873,0.0
903,903,0.0059791054,0.0
904,904,0.4470836,0.0
905,905,0.0003998309,0.0
906,906,2.8848259e-05,0.0
907,907,0.032181896,0.0
908,908,0.00039876922,0.0
909,909,0.0002600223,0.0
910,910,6.6177295e-06,0.0
911,911,0.00032250813,0.0
912,912,0.00020978026,0.0
913,913,0.00013532296,0.0
914,914,0.00021960403,0.0
915,915,0.00019179416,0.0
916,916,1.4618738e-06,0.0
917,917,0.0015582873,0.0
918,918,0.029451156,0.0
919,919,0.00010034953,0.0
920,920,0.00031890153,0.0
921,921,0.00018844675,0.0
922,922,0.010712833,0.0
923,923,0.2934432,0.0
924,924,0.0045951027,0.0
925,925,0.00031996315,0.0
926,926,2.082714e-06,0.0
927,927,0.0017237196,0.0
928,928,0.044000123,0.0
929,929,0.002668954,0.0
930,930,0.003751331,0.0
931,931,0.0005046687,0.0
932,932,4.1881693e-05,0.0
933,933,0.0020503514,0.0
934,934,6.5960565e-05,0.0
935,935,0.021299291,0.0
936,936,2.304854e-05,0.0
937,937,0.00096299034,0.0
938,938,0.00036471625,0.0
939,939,0.00013882662,0.0
940,940,0.00048220743,0.0
941,941,0.00043360502,0.0
942,942,0.0014326621,0.0
943,943,0.00015128871,0.0
944,944,0.52833396,1.0
945,945,3.2122294e-05,0.0
946,946,4.6350735e-05,0.0
947,947,0.00035953557,0.0
948,948,6.0451497e-05,0.0
949,949,0.022452949,0.0
950,950,0.0014916862,0.0
951,951,0.0071040797,0.0
952,952,0.0002694414,0.0
953,953,0.0002747623,0.0
954,954,0.003955971,0.0
955,955,0.0005915719,0.0
956,956,0.0017757254,0.0
957,957,6.064544e-05,0.0
958,958,0.0021290255,0.0
959,959,0.0008960637,0.0
960,960,0.0001386758,0.0
961,961,3.3547585e-05,0.0
962,962,0.0137064075,0.0
963,963,0.00428282,0.0
964,964,0.00023075695,0.0
965,965,0.00017137761,0.0
966,966,1.8759974e-05,0.0
967,967,0.0010396468,0.0
968,968,0.8652547,1.0
969,969,6.483016e-05,0.0
970,970,0.024635062,0.0
971,971,0.0003515435,0.0
972,972,0.0002793859,0.0
973,973,6.7869237e-06,0.0
974,974,1.8198241e-05,0.0
975,975,0.00327733,0.0
976,976,0.0014429876,0.0
977,977,0.0012679457,0.0
978,978,3.4579865e-05,0.0
979,979,1.688916e-06,0.0
980,980,0.0005699484,0.0
981,981,0.0001448874,0.0
982,982,0.00017854075,0.0
983,983,0.0008266781,0.0
984,984,0.43865296,0.0
985,985,0.0015938812,0.0
986,986,0.00093257736,0.0
987,987,0.038732562,0.0
988,988,0.8271335,1.0
989,989,0.1731433,0.0
990,990,0.00041232497,0.0
991,991,0.00013493409,0.0
992,992,0.00033050324,0.0
993,993,0.00031867024,0.0
994,994,0.21315669,0.0
995,995,0.86812824,1.0
996,996,0.02818619,0.0
997,997,2.198022e-05,0.0
998,998,4.0619554e-05,0.0
999,999,0.005227436,0.0
1000,1000,2.909257e-05,0.0
1001,1001,6.732753e-05,0.0
1002,1002,0.0017862031,0.0
1003,1003,8.597676e-06,0.0
1004,1004,6.941161e-05,0.0
1005,1005,0.00089917093,0.0
1006,1006,0.00084417814,0.0
1007,1007,0.0015510027,0.0
1008,1008,3.6064983e-05,0.0
1009,1009,0.0021820539,0.0
1010,1010,0.010587429,0.0
1011,1011,0.0176003,0.0
1012,1012,2.6731416e-06,0.0
1013,1013,0.025793128,0.0
1014,1014,0.0048896545,0.0
1015,1015,5.579445e-05,0.0
1016,1016,6.48845e-06,0.0
1017,1017,0.0016993562,0.0
1018,1018,0.0059179887,0.0
1019,1019,0.0042742025,0.0
1020,1020,0.00015636478,0.0
1021,1021,0.00021610307,0.0
1022,1022,0.00078647153,0.0
1023,1023,0.000265088,0.0
1024,1024,0.0026037027,0.0
1025,1025,0.00036695178,0.0
1026,1026,0.00014332532,0.0
1027,1027,9.463679e-06,0.0
1028,1028,0.0032124582,0.0
1029,1029,0.04131518,0.0
1030,1030,1.3315592e-05,0.0
1031,1031,0.006114097,0.0
1032,1032,0.00032221217,0.0
1033,1033,4.3511893e-05,0.0
1034,1034,7.030836e-05,0.0
1035,1035,0.00085455604,0.0
1036,1036,0.0008781926,0.0
1037,1037,0.88459116,1.0
1038,1038,0.00011650722,0.0
1039,1039,0.00022746848,0.0
1040,1040,1.0847828e-05,0.0
1041,1041,6.395136e-05,0.0
1042,1042,6.6679444e-05,0.0
1043,1043,0.0005391283,0.0
1044,1044,0.00023766224,0.0
1045,1045,0.00068006193,0.0
1046,1046,0.00034968602,0.0
1047,1047,0.00010429863,0.0
1048,1048,0.00052046345,0.0
1049,1049,2.2872038e-05,0.0
1050,1050,0.0033286074,0.0
1051,1051,8.335928e-05,0.0
1052,1052,0.00015679238,0.0
1053,1053,9.1725495e-05,0.0
1054,1054,0.0007931216,0.0
1055,1055,0.018087916,0.0
1056,1056,0.0062197484,0.0
1057,1057,7.4703974e-05,0.0
1058,1058,0.00097547955,0.0
1059,1059,0.020169867,0.0
1060,1060,0.00039244563,0.0
1061,1061,1.0155604e-05,0.0
1062,1062,0.001768892,0.0
1063,1063,0.0008673353,0.0
1064,1064,0.000723245,0.0
1065,1065,4.040317e-05,0.0
1066,1066,0.00032742848,0.0
1067,1067,0.004155279,0.0
1068,1068,0.9776208,1.0
1069,1069,0.002956882,0.0
1070,1070,0.00019255588,0.0
1071,1071,0.0046390137,0.0
1072,1072,0.00011356613,0.0
1073,1073,0.00045193467,0.0
1074,1074,0.00013188443,0.0
1075,1075,0.07727509,0.0
1076,1076,0.52265984,1.0
1077,1077,0.017820407,0.0
1078,1078,0.00014369958,0.0
1079,1079,0.8260477,1.0
1080,1080,8.811458e-05,0.0
1081,1081,0.87696624,1.0
1082,1082,0.004000603,0.0
1083,1083,0.00071777665,0.0
1084,1084,0.008177662,0.0
1085,1085,0.01547816,0.0
1086,1086,4.510301e-05,0.0
1087,1087,0.009541916,0.0
1088,1088,0.0004959291,0.0
1089,1089,0.0042514084,0.0
1090,1090,0.00016902239,0.0
1091,1091,0.4874896,0.0
1092,1092,3.7441416e-05,0.0
1093,1093,0.00023329328,0.0
1094,1094,6.16724e-06,0.0
1095,1095,0.0023205446,0.0
1096,1096,0.0033783554,0.0
1097,1097,0.01413209,0.0
1098,1098,0.00020994715,0.0
1099,1099,0.0001869438,0.0
1100,1100,0.0018795488,0.0
1101,1101,0.00031487053,0.0
1102,1102,0.0014594801,0.0
1103,1103,0.87935114,1.0
1104,1104,0.0013417252,0.0
1105,1105,1.7877623e-05,0.0
1106,1106,0.00020036144,0.0
1107,1107,1.7831784e-05,0.0
1108,1108,6.040943e-05,0.0
1109,1109,0.000690325,0.0
1110,1110,3.5477806e-05,0.0
1111,1111,2.1687156e-06,0.0
1112,1112,0.022325067,0.0
1113,1113,0.0005629036,0.0
1114,1114,0.00018957474,0.0
1115,1115,0.870374,1.0
1116,1116,0.003585069,0.0
1117,1117,0.00019772687,0.0
1118,1118,0.024179855,0.0
1119,1119,0.011626006,0.0
1120,1120,6.1988045e-05,0.0
1121,1121,0.00011031413,0.0
1122,1122,1.1107458e-05,0.0
1123,1123,0.054134004,0.0
1124,1124,0.9875717,1.0
1125,1125,0.0003421688,0.0
1126,1126,0.0058302153,0.0
1127,1127,0.005910806,0.0
1128,1128,0.0011932413,0.0
1129,1129,0.004973932,0.0
1130,1130,0.007283283,0.0
1131,1131,0.08333155,0.0
1132,1132,0.9083699,1.0
1133,1133,0.006310668,0.0
1134,1134,0.0003208866,0.0
1135,1135,0.00031922825,0.0
1136,1136,2.8634742e-05,0.0
1137,1137,7.446102e-05,0.0
1138,1138,9.711504e-05,0.0
1139,1139,0.00028188678,0.0
1140,1140,0.00040345793,0.0
1141,1141,0.01483302,0.0
1142,1142,0.00016664197,0.0
1143,1143,2.8197805e-05,0.0
1144,1144,0.0008017493,0.0
1145,1145,0.0006540281,0.0
1146,1146,0.0003475033,0.0
1147,1147,0.00014718049,0.0
1148,1148,0.07368781,0.0
1149,1149,8.1433085e-05,0.0
1150,1150,0.00025169912,0.0
1151,1151,0.0019027576,0.0
1152,1152,0.0047417153,0.0
1153,1153,9.195416e-05,0.0
1154,1154,0.00046195384,0.0
1155,1155,0.00022300753,0.0
1156,1156,0.00022485608,0.0
1157,1157,1.4944651e-05,0.0
1158,1158,0.0002948902,0.0
1159,1159,0.00018824363,0.0
1160,1160,0.00048422578,0.0
1161,1161,0.0060912543,0.0
1162,1162,6.0213595e-05,0.0
1163,1163,0.06521256,0.0
1164,1164,0.056840695,0.0
1165,1165,0.0014028036,0.0
1166,1166,0.0012495415,0.0
1167,1167,6.516732e-07,0.0
1168,1168,0.0030201636,0.0
1169,1169,0.36525965,0.0
1170,1170,0.001359582,0.0
1171,1171,0.00015682766,0.0
1172,1172,1.3916218e-05,0.0
1173,1173,0.8757563,1.0
1174,1174,0.00023475187,0.0
1175,1175,1.5850756e-05,0.0
1176,1176,0.010054845,0.0
1177,1177,0.22130167,0.0
1178,1178,0.9565244,1.0
1179,1179,5.5307828e-05,0.0
1180,1180,1.07531305e-05,0.0
1181,1181,0.055157885,0.0
1182,1182,0.004107243,0.0
1183,1183,0.00011731368,0.0
1184,1184,9.422718e-05,0.0
1185,1185,0.00019596785,0.0
1186,1186,0.015585411,0.0
1187,1187,0.0027472693,0.0
1188,1188,0.020696238,0.0
1189,1189,0.00010130531,0.0
1190,1190,0.65429235,1.0
1191,1191,0.0009466702,0.0
1192,1192,5.3583688e-05,0.0
1193,1193,0.0028971666,0.0
1194,1194,0.030309932,0.0
1195,1195,1.2735666e-05,0.0
1196,1196,0.00046875395,0.0
1197,1197,0.002180466,0.0
1198,1198,0.0017684241,0.0
1199,1199,0.005491553,0.0
1200,1200,0.00015017997,0.0
1201,1201,0.039739005,0.0
1202,1202,0.04020975,0.0
1203,1203,0.0001039081,0.0
1204,1204,0.8498484,1.0
1205,1205,0.00012086854,0.0
1206,1206,9.249528e-05,0.0
1207,1207,0.0017524927,0.0
1208,1208,0.09143733,0.0
1209,1209,0.00032616887,0.0
1210,1210,0.0007690258,0.0
1211,1211,0.0022446464,0.0
1212,1212,0.0006697451,0.0
1213,1213,9.532242e-05,0.0
1214,1214,0.00070368673,0.0
1215,1215,0.0011834883,0.0
1216,1216,9.8019176e-05,0.0
1217,1217,2.3931085e-05,0.0
1218,1218,6.301677e-06,0.0
1219,1219,0.0023362536,0.0
1220,1220,0.0004308975,0.0
1221,1221,2.4917257e-05,0.0
1222,1222,0.0020913612,0.0
1223,1223,3.0913026e-05,0.0
1224,1224,0.00041198274,0.0
1225,1225,0.5417784,1.0
1226,1226,0.00041018054,0.0
1227,1227,0.0027291363,0.0
1228,1228,2.0002726e-05,0.0
1229,1229,0.00042619993,0.0
1230,1230,1.6617221e-05,0.0
1231,1231,2.2476685e-05,0.0
1232,1232,8.7545566e-05,0.0
1233,1233,0.0048440946,0.0
1234,1234,7.16487e-05,0.0
1235,1235,0.0001905537,0.0
1236,1236,0.011829658,0.0
1237,1237,5.391388e-05,0.0
1238,1238,0.0006773937,0.0
1239,1239,0.0010010327,0.0
1240,1240,0.00010128464,0.0
1241,1241,0.0009388697,0.0
1242,1242,0.0018115331,0.0
1243,1243,0.0010948611,0.0
1244,1244,0.00095188606,0.0
1245,1245,0.00067893375,0.0
1246,1246,0.0032039497,0.0
1247,1247,8.00712e-05,0.0
1248,1248,0.0010451394,0.0
1249,1249,0.0051584924,0.0
1250,1250,0.0011204563,0.0
1251,1251,1.2576241e-05,0.0
1252,1252,0.00035298045,0.0
1253,1253,0.00037845928,0.0
1254,1254,1.0557233e-05,0.0
1255,1255,3.1340795e-05,0.0
1256,1256,0.9938128,1.0
1257,1257,0.00013776429,0.0
1258,1258,0.016082557,0.0
1259,1259,0.00022673294,0.0
1260,1260,3.0043073e-05,0.0
1261,1261,0.0013876718,0.0
1262,1262,2.1482305e-05,0.0
1263,1263,0.00014022423,0.0
1264,1264,0.00018557983,0.0
1265,1265,0.00013826293,0.0
1266,1266,0.03085778,0.0
1267,1267,0.07631531,0.0
1268,1268,0.114915155,0.0
1269,1269,3.4814097e-05,0.0
1270,1270,0.0011532811,0.0
1271,1271,0.0011282128,0.0
1272,1272,0.0019241524,0.0
1273,1273,0.006032822,0.0
1274,1274,6.1387336e-06,0.0
1275,1275,0.00014294371,0.0
1276,1276,0.0004643157,0.0
1277,1277,0.29084277,0.0
1278,1278,2.8949815e-05,0.0
1279,1279,0.00015435189,0.0
1280,1280,0.012894349,0.0
1281,1281,0.00023214746,0.0
1282,1282,0.0029224784,0.0
1283,1283,0.0025270092,0.0
1284,1284,6.737493e-06,0.0
1285,1285,5.4502875e-06,0.0
1286,1286,2.3208206e-05,0.0
1287,1287,0.0002248533,0.0
1288,1288,0.0003735771,0.0
1289,1289,0.03164836,0.0
1290,1290,0.016396293,0.0
1291,1291,0.055942666,0.0
1292,1292,0.003333696,0.0
1293,1293,0.00051022775,0.0
1294,1294,0.00079726346,0.0
1295,1295,0.00031521384,0.0
1296,1296,0.00023081702,0.0
1297,1297,0.0033702478,0.0
1298,1298,0.0001522036,0.0
1299,1299,0.00032754368,0.0
1300,1300,0.0024800864,0.0
1301,1301,0.0003404699,0.0
1302,1302,0.004290542,0.0
1303,1303,9.264552e-05,0.0
1304,1304,0.79400176,1.0
1305,1305,0.7127061,1.0
1306,1306,0.03546244,0.0
1307,1307,3.5029334e-05,0.0
1308,1308,0.00028609618,0.0
1309,1309,5.0320773e-06,0.0
1310,1310,0.044885818,0.0
1311,1311,0.0018137816,0.0
1312,1312,1.668081e-05,0.0
1313,1313,0.00020081758,0.0
1314,1314,0.00015305761,0.0
1315,1315,0.00067497964,0.0
1316,1316,0.004307643,0.0
1317,1317,6.5829736e-05,0.0
1318,1318,0.0011101369,0.0
1319,1319,0.0028707462,0.0
1320,1320,0.0003495787,0.0
1321,1321,0.00041789023,0.0
1322,1322,0.0001317556,0.0
1323,1323,0.0004604257,0.0
1324,1324,0.0003896776,0.0
1325,1325,0.00039535202,0.0
1326,1326,0.47092417,0.0
1327,1327,1.6013328e-05,0.0
1328,1328,5.7634552e-05,0.0
1329,1329,0.0006225568,0.0
1330,1330,0.04327298,0.0
1331,1331,0.0005002939,0.0
1332,1332,0.0002174679,0.0
1333,1333,7.8726094e-05,0.0
1334,1334,0.008215752,0.0
1335,1335,3.7895505e-05,0.0
1336,1336,0.00046375484,0.0
1337,1337,1.6739692e-05,0.0
1338,1338,0.00011227627,0.0
1339,1339,0.00088564114,0.0
1340,1340,0.0033907339,0.0
1341,1341,7.0925894e-06,0.0
1342,1342,0.0039189016,0.0
1343,1343,0.0007184281,0.0
1344,1344,2.5102385e-05,0.0
1345,1345,0.95447254,1.0
1346,1346,0.06823419,0.0
1347,1347,0.000890965,0.0
1348,1348,4.3220873e-05,0.0
1349,1349,0.018606493,0.0
1350,1350,0.02390816,0.0
1351,1351,0.9732204,1.0
1352,1352,0.015066116,0.0
1353,1353,0.0004219886,0.0
1354,1354,0.00023071385,0.0
1355,1355,8.254044e-05,0.0
1356,1356,0.93936116,1.0
1357,1357,0.00067805185,0.0
1358,1358,0.0002758695,0.0
1359,1359,1.5538948e-05,0.0
1360,1360,0.05278886,0.0
1361,1361,4.1918098e-05,0.0
1362,1362,0.9356703,1.0
1363,1363,0.0060028443,0.0
1364,1364,7.018008e-05,0.0
1365,1365,0.49088523,0.0
1366,1366,0.00055224256,0.0
1367,1367,0.08386618,0.0
1368,1368,0.008964613,0.0
1369,1369,0.00032922864,0.0
1370,1370,0.00016711712,0.0
1371,1371,0.0056002294,0.0
1372,1372,3.991462e-05,0.0
1373,1373,0.0355819,0.0
1374,1374,0.00010710468,0.0
1375,1375,0.5438805,1.0
1376,1376,0.00014236532,0.0
1377,1377,0.00020216858,0.0
1378,1378,0.0005027578,0.0
1379,1379,0.0042151837,0.0
1380,1380,3.5110622e-06,0.0
1381,1381,0.4500647,0.0
1382,1382,0.00018333981,0.0
1383,1383,2.7662578e-05,0.0
1384,1384,0.00012949567,0.0
1385,1385,0.1528619,0.0
1386,1386,0.21102893,0.0
1387,1387,0.0005243869,0.0
1388,1388,0.86663043,1.0
1389,1389,0.48631293,0.0
1390,1390,7.011686e-05,0.0
1391,1391,0.033143636,0.0
1392,1392,0.00040742225,0.0
1393,1393,0.0013978054,0.0
1394,1394,2.6527148e-05,0.0
1395,1395,0.00031570016,0.0
1396,1396,0.00032464036,0.0
1397,1397,0.0027219972,0.0
1398,1398,0.00047064247,0.0
1399,1399,8.216553e-05,0.0
1400,1400,0.0171722,0.0
1401,1401,0.0003908976,0.0
1402,1402,0.00030825814,0.0
1403,1403,0.00018300343,0.0
1404,1404,0.9620088,1.0
1405,1405,0.023904124,0.0
1406,1406,0.05313664,0.0
1407,1407,0.87895006,1.0
1408,1408,0.9678523,1.0
1409,1409,6.4851406e-06,0.0
1410,1410,0.00082679075,0.0
1411,1411,0.7406662,1.0
1412,1412,0.0007281871,0.0
1413,1413,0.9610226,1.0
1414,1414,5.218639e-05,0.0
1415,1415,0.00017047829,0.0
1416,1416,0.8916002,1.0
1417,1417,0.0028453371,0.0
1418,1418,0.00034828103,0.0
1419,1419,0.90146345,1.0
1420,1420,0.038006272,0.0
1421,1421,5.3934138e-05,0.0
1422,1422,0.0014524658,0.0
1423,1423,6.263997e-05,0.0
1424,1424,0.83677495,1.0
1425,1425,8.631334e-05,0.0
1426,1426,0.0019373177,0.0
1427,1427,0.0010546041,0.0
1428,1428,0.0023603365,0.0
1429,1429,0.00029464657,0.0
1430,1430,0.0013122489,0.0
1431,1431,5.6857196e-05,0.0
1432,1432,0.00010536675,0.0
1433,1433,0.00086894253,0.0
1434,1434,0.0022711342,0.0
1435,1435,0.0059797573,0.0
1436,1436,1.929305e-05,0.0
1437,1437,0.00012143612,0.0
1438,1438,0.0015846052,0.0
1439,1439,1.555416e-06,0.0
1440,1440,2.505699e-05,0.0
1441,1441,0.00013600611,0.0
1442,1442,0.17744762,0.0
1443,1443,7.1381844e-05,0.0
1444,1444,0.86325485,1.0
1445,1445,0.0011325058,0.0
1446,1446,0.0023883837,0.0
1447,1447,8.154335e-05,0.0
1448,1448,0.001411393,0.0
1449,1449,0.00016039373,0.0
1450,1450,0.986992,1.0
1451,1451,0.8255076,1.0
1452,1452,3.4110228e-05,0.0
1453,1453,0.0006921069,0.0
1454,1454,7.321455e-05,0.0
1455,1455,5.938044e-05,0.0
1456,1456,0.00037217935,0.0
1457,1457,0.0006520936,0.0
1458,1458,0.00032411556,0.0
1459,1459,0.0017376355,0.0
1460,1460,0.0060552517,0.0
1461,1461,0.00056671497,0.0
1462,1462,1.3553984e-05,0.0
1463,1463,0.00070357,0.0
1464,1464,0.00022200025,0.0
1465,1465,0.0007915685,0.0
1466,1466,0.038143694,0.0
1467,1467,9.850426e-05,0.0
1468,1468,2.687751e-05,0.0
1469,1469,9.578157e-05,0.0
1470,1470,0.020522129,0.0
1471,1471,0.0051354533,0.0
1472,1472,0.03554162,0.0
1473,1473,0.0011063542,0.0
1474,1474,0.000108712025,0.0
1475,1475,0.00017861686,0.0
1476,1476,0.49677005,0.0
1477,1477,0.6302712,1.0
1478,1478,5.7409216e-05,0.0
1479,1479,0.001407227,0.0
1480,1480,0.0019199629,0.0
1481,1481,0.0013076762,0.0
1482,1482,0.00012652113,0.0
1483,1483,0.00093689683,0.0
1484,1484,7.2769144e-05,0.0
1485,1485,3.4854493e-05,0.0
1486,1486,0.00016102093,0.0
1487,1487,6.828774e-05,0.0
1488,1488,0.00035767988,0.0
1489,1489,2.198326e-05,0.0
1490,1490,2.9849107e-05,0.0
1491,1491,0.00015261125,0.0
1492,1492,0.014113168,0.0
1493,1493,0.0059186337,0.0
1494,1494,2.0434967e-05,0.0
1495,1495,7.3002416e-06,0.0
1496,1496,0.002960604,0.0
1497,1497,0.00017466671,0.0
1498,1498,0.00011481999,0.0
1499,1499,0.082964085,0.0
1500,1500,0.0006511429,0.0
1501,1501,9.166552e-05,0.0
1502,1502,4.776735e-05,0.0
1503,1503,0.0010406991,0.0
1504,1504,1.97679e-05,0.0
1505,1505,0.0025749896,0.0
1506,1506,1.0226571e-05,0.0
1507,1507,0.0009730736,0.0
1508,1508,0.0019628035,0.0
1509,1509,0.00031662642,0.0
1510,1510,0.00084425043,0.0
1511,1511,0.007663147,0.0
1512,1512,0.0056116115,0.0
1513,1513,0.0004609443,0.0
1514,1514,0.0005576754,0.0
1515,1515,0.00023262737,0.0
1516,1516,0.94109315,1.0
1517,1517,0.0017955507,0.0
1518,1518,0.0004120264,0.0
1519,1519,0.00057464646,0.0
1520,1520,0.009025857,0.0
1521,1521,1.5052409e-06,0.0
1522,1522,0.01580232,0.0
1523,1523,0.005595484,0.0
1524,1524,0.0012612357,0.0
1525,1525,0.006583962,0.0
1526,1526,0.8997775,1.0
1527,1527,0.0065630614,0.0
1528,1528,9.803721e-05,0.0
1529,1529,4.8756225e-05,0.0
1530,1530,0.00023465765,0.0
1531,1531,0.00026502405,0.0
1532,1532,0.5899231,1.0
1533,1533,0.00016431029,0.0
1534,1534,0.00019418796,0.0
1535,1535,0.00012996935,0.0
1536,1536,0.0014619826,0.0
1537,1537,0.77093625,1.0
1538,1538,0.025460148,0.0
1539,1539,0.015661737,0.0
1540,1540,0.055361878,0.0
1541,1541,0.001097503,0.0
1542,1542,7.379986e-06,0.0
1543,1543,0.0011743743,0.0
1544,1544,0.7414343,1.0
1545,1545,0.00012641755,0.0
1546,1546,0.0066668876,0.0
1547,1547,3.3171877e-05,0.0
1548,1548,0.00051531335,0.0
1549,1549,0.37241468,0.0
1550,1550,0.0032829859,0.0
1551,1551,0.00016397065,0.0
1552,1552,0.0120119555,0.0
1553,1553,4.5948884e-05,0.0
1554,1554,0.00027193752,0.0
1555,1555,0.0002765576,0.0
1556,1556,2.2719621e-05,0.0
1557,1557,2.5386822e-05,0.0
1558,1558,0.004941794,0.0
1559,1559,0.00011185172,0.0
1560,1560,0.0028704486,0.0
1561,1561,0.002006016,0.0
1562,1562,0.0025351932,0.0
1563,1563,0.0016168777,0.0
1564,1564,0.850228,1.0
1565,1565,0.000623838,0.0
1566,1566,0.012493235,0.0
1567,1567,0.00028480563,0.0
1568,1568,0.0016546028,0.0
1569,1569,3.2648764e-05,0.0
1570,1570,0.0001222635,0.0
1571,1571,0.9834306,1.0
1572,1572,0.004370523,0.0
1573,1573,6.001485e-05,0.0
1574,1574,0.0011730493,0.0
1575,1575,2.6826552e-05,0.0
1576,1576,8.072864e-05,0.0
1577,1577,0.00044555464,0.0
1578,1578,0.0006767271,0.0
1579,1579,0.93703854,1.0
1580,1580,2.4652629e-05,0.0
1581,1581,0.00066113233,0.0
1582,1582,0.0009628389,0.0
1583,1583,0.00021172279,0.0
1584,1584,1.2651594e-05,0.0
1585,1585,2.2119973e-05,0.0
1586,1586,0.00031179105,0.0
1587,1587,0.0049815653,0.0
1588,1588,0.00031249246,0.0
1589,1589,0.0024627775,0.0
1590,1590,0.029907783,0.0
1591,1591,0.0012168249,0.0
1592,1592,0.000952248,0.0
1593,1593,0.0013847266,0.0
1594,1594,0.00022554598,0.0
1595,1595,0.00035417304,0.0
1596,1596,0.0006099726,0.0
1597,1597,0.0010365522,0.0
1598,1598,1.8091089e-06,0.0
1599,1599,0.00022275487,0.0
1600,1600,0.0036008665,0.0
1601,1601,0.00027526836,0.0
1602,1602,4.556103e-05,0.0
1603,1603,0.0006464324,0.0
1604,1604,3.4355628e-05,0.0
1605,1605,0.9852483,1.0
1606,1606,0.000113529095,0.0
1607,1607,0.02044962,0.0
1608,1608,9.59065e-05,0.0
1609,1609,0.00013095335,0.0
1610,1610,0.0001524322,0.0
1611,1611,0.037270118,0.0
1612,1612,0.98412156,1.0
1613,1613,9.940512e-05,0.0
1614,1614,0.0002774135,0.0
1615,1615,0.0010456265,0.0
1616,1616,0.010958636,0.0
1617,1617,0.00017792336,0.0
1618,1618,0.015420801,0.0
1619,1619,0.0010021033,0.0
1620,1620,0.00819545,0.0
1621,1621,4.4940163e-05,0.0
1622,1622,0.0008162137,0.0
1623,1623,0.017002564,0.0
1624,1624,0.17592685,0.0
1625,1625,0.0004997677,0.0
1626,1626,0.02070868,0.0
1627,1627,9.433748e-05,0.0
1628,1628,0.0032359662,0.0
1629,1629,0.007426056,0.0
1630,1630,1.9764546e-05,0.0
1631,1631,0.00011946077,0.0
1632,1632,3.45332e-05,0.0
1633,1633,0.00058319897,0.0
1634,1634,0.009090778,0.0
1635,1635,8.627911e-05,0.0
1636,1636,9.545532e-05,0.0
1637,1637,0.78601396,1.0
1638,1638,0.014373464,0.0
1639,1639,0.00042408236,0.0
1640,1640,0.00010023103,0.0
1641,1641,0.00024292577,0.0
1642,1642,2.4422989e-06,0.0
1643,1643,0.0006914898,0.0
1644,1644,0.8900059,1.0
1645,1645,1.4746103e-06,0.0
1646,1646,0.8711307,1.0
1647,1647,0.00010889265,0.0
1648,1648,0.00035911286,0.0
1649,1649,8.13911e-06,0.0
1650,1650,0.0010068106,0.0
1651,1651,0.0019635959,0.0
1652,1652,0.0002197096,0.0
1653,1653,0.0010615208,0.0
1654,1654,0.00034101208,0.0
1655,1655,2.5298103e-05,0.0
1656,1656,0.00094838097,0.0
1657,1657,0.0048277974,0.0
1658,1658,8.554867e-06,0.0
1659,1659,0.00048465384,0.0
1660,1660,0.005525129,0.0
1661,1661,0.0023268636,0.0
1662,1662,0.00095657096,0.0
1663,1663,0.00074204983,0.0
1664,1664,0.0001807947,0.0
1665,1665,9.762943e-05,0.0
1666,1666,0.0017060237,0.0
1667,1667,0.01610545,0.0
1668,1668,0.84809846,1.0
1669,1669,0.20009656,0.0
1670,1670,0.0001607957,0.0
1671,1671,0.00038054568,0.0
1672,1672,0.2820857,0.0
1673,1673,0.69068587,1.0
1674,1674,0.009617352,0.0
1675,1675,0.08415857,0.0
1676,1676,1.2040692e-05,0.0
1677,1677,0.026222691,0.0
1678,1678,0.25781104,0.0
1679,1679,7.2267845e-05,0.0
1680,1680,0.004933767,0.0
1681,1681,0.0013106051,0.0
1682,1682,5.837392e-05,0.0
1683,1683,0.0009872059,0.0
1684,1684,2.6791808e-05,0.0
1685,1685,0.00049739575,0.0
1686,1686,0.07931199,0.0
1687,1687,0.73103034,1.0
1688,1688,5.458121e-06,0.0
1689,1689,0.0009921787,0.0
1690,1690,0.000102539525,0.0
1691,1691,0.0005543674,0.0
1692,1692,0.0016922575,0.0
1693,1693,0.0073115947,0.0
1694,1694,7.749161e-05,0.0
1695,1695,3.3504773e-05,0.0
1696,1696,0.00024460428,0.0
1697,1697,0.0023992404,0.0
1698,1698,0.24155623,0.0
1699,1699,0.0004034237,0.0
1700,1700,0.00042937297,0.0
1701,1701,0.00080355897,0.0
1702,1702,7.0739393e-06,0.0
1703,1703,2.3062837e-06,0.0
1704,1704,0.4964734,0.0
1705,1705,0.0003902051,0.0
1706,1706,4.5279354e-05,0.0
1707,1707,0.00021990409,0.0
1708,1708,0.0015453376,0.0
1709,1709,0.029574988,0.0
1710,1710,0.0013303699,0.0
1711,1711,2.5791269e-05,0.0
1712,1712,0.000114615104,0.0
1713,1713,5.667379e-06,0.0
1714,1714,0.006409312,0.0
1715,1715,3.0260133e-05,0.0
1716,1716,0.0005273884,0.0
1717,1717,0.020808624,0.0
1718,1718,5.5341487e-05,0.0
1719,1719,8.770658e-05,0.0
1720,1720,0.001359529,0.0
1721,1721,0.006612755,0.0
1722,1722,2.3558436e-05,0.0
1723,1723,0.057446387,0.0
1724,1724,1.7143962e-05,0.0
1725,1725,8.3736195e-05,0.0
1726,1726,0.13279828,0.0
1727,1727,0.9723984,1.0
1728,1728,0.0035760421,0.0
1729,1729,5.32055e-06,0.0
1730,1730,0.0008786873,0.0
1731,1731,0.11207144,0.0
1732,1732,0.92643505,1.0
1733,1733,0.0005534392,0.0
1734,1734,0.0032055064,0.0
1735,1735,0.0012468119,0.0
1736,1736,0.0006128355,0.0
1737,1737,0.00010071352,0.0
1738,1738,1.8502276e-05,0.0
1739,1739,0.037965238,0.0
1740,1740,0.0028486943,0.0
1741,1741,0.00072164566,0.0
1742,1742,0.0127529185,0.0
1743,1743,0.0014497904,0.0
1744,1744,0.012119451,0.0
1745,1745,0.0010193906,0.0
1746,1746,0.0039670644,0.0
1747,1747,0.005491943,0.0
1748,1748,2.1381256e-05,0.0
1749,1749,0.00094304763,0.0
1750,1750,0.79226124,1.0
1751,1751,0.00014865522,0.0
1752,1752,0.0011719402,0.0
1753,1753,0.098172225,0.0
1754,1754,0.0004657262,0.0
1755,1755,0.0075108157,0.0
1756,1756,0.0007725441,0.0
1757,1757,0.0039497754,0.0
1758,1758,5.4369568e-05,0.0
1759,1759,0.00013059947,0.0
1760,1760,2.704376e-06,0.0
1761,1761,0.020826615,0.0
1762,1762,2.8074376e-06,0.0
1763,1763,0.02751925,0.0
1764,1764,0.0015889928,0.0
1765,1765,0.0010458258,0.0
1766,1766,0.001455645,0.0
1767,1767,8.716138e-05,0.0
1768,1768,0.0035358677,0.0
1769,1769,0.8137618,1.0
1770,1770,8.608057e-05,0.0
1771,1771,1.2500722e-06,0.0
1772,1772,0.8177331,1.0
1773,1773,0.01595326,0.0
1774,1774,6.0498325e-05,0.0
1775,1775,4.753813e-05,0.0
1776,1776,0.00070092117,0.0
1777,1777,1.8019931e-05,0.0
1778,1778,0.0064116996,0.0
1779,1779,6.3060834e-05,0.0
1780,1780,0.00036654412,0.0
1781,1781,1.8405906e-05,0.0
1782,1782,4.345458e-05,0.0
1783,1783,0.0019086401,0.0
1784,1784,0.00023567674,0.0
1785,1785,6.1469735e-05,0.0
1786,1786,0.048180543,0.0
1787,1787,0.0006091192,0.0
1788,1788,0.7943758,1.0
1789,1789,0.7189412,1.0
1790,1790,0.0010748749,0.0
1791,1791,0.00018140096,0.0
1792,1792,0.008113296,0.0
1793,1793,3.7678208e-05,0.0
1794,1794,6.0342933e-05,0.0
1795,1795,0.005321808,0.0
1796,1796,0.0002673691,0.0
1797,1797,6.207571e-05,0.0
1798,1798,0.0079256045,0.0
1799,1799,0.00040490358,0.0
1800,1800,0.0013294606,0.0
1801,1801,0.17651278,0.0
1802,1802,0.7676068,1.0
1803,1803,4.7568108e-05,0.0
1804,1804,1.8686447e-05,0.0
1805,1805,1.35753535e-05,0.0
1806,1806,0.0008202478,0.0
1807,1807,0.000666579,0.0
1808,1808,0.00017725585,0.0
1809,1809,0.000832271,0.0
1810,1810,0.6900218,1.0
1811,1811,0.0023979396,0.0
1812,1812,0.006948219,0.0
1813,1813,3.1401556e-05,0.0
1814,1814,1.5266198e-05,0.0
1815,1815,0.004822673,0.0
1816,1816,0.00018489118,0.0
1817,1817,0.00018090832,0.0
1818,1818,0.00013128406,0.0
1819,1819,0.0009282672,0.0
1820,1820,5.0583418e-05,0.0
1821,1821,0.009931654,0.0
1822,1822,0.00012043205,0.0
1823,1823,0.00013149228,0.0
1824,1824,0.031918388,0.0
1825,1825,0.00047118473,0.0
1826,1826,0.0001653952,0.0
1827,1827,3.83799e-05,0.0
1828,1828,0.0032728785,0.0
1829,1829,0.7352345,1.0
1830,1830,0.00062303874,0.0
1831,1831,0.0026279094,0.0
1832,1832,0.09842266,0.0
1833,1833,0.002890353,0.0
1834,1834,0.008743372,0.0
1835,1835,0.00026156887,0.0
1836,1836,0.003255945,0.0
1837,1837,0.0037004573,0.0
1838,1838,1.9287421e-05,0.0
1839,1839,0.0047087143,0.0
1840,1840,0.002769083,0.0
1841,1841,0.00012956238,0.0
1842,1842,0.06359698,0.0
1843,1843,0.0011136258,0.0
1844,1844,5.1535902e-05,0.0
1845,1845,0.00061507017,0.0
1846,1846,5.2239167e-05,0.0
1847,1847,0.93301964,1.0
1848,1848,4.5241588e-05,0.0
1849,1849,0.00017753002,0.0
1850,1850,0.00039515682,0.0
1851,1851,0.04384434,0.0
1852,1852,0.000112883674,0.0
1853,1853,0.00043470302,0.0
1854,1854,0.0001948709,0.0
1855,1855,0.6735464,1.0
1856,1856,5.2930773e-05,0.0
1857,1857,4.5772023e-05,0.0
1858,1858,9.5999836e-05,0.0
1859,1859,0.00025382632,0.0
1860,1860,0.0014780611,0.0
1861,1861,0.0015071764,0.0
1862,1862,0.010476498,0.0
1863,1863,0.38187602,0.0
1864,1864,0.0010175005,0.0
1865,1865,7.746701e-05,0.0
1866,1866,0.00010363983,0.0
1867,1867,0.0003671117,0.0
1868,1868,8.4562234e-05,0.0
1869,1869,0.0018516346,0.0
1870,1870,0.00012835691,0.0
1871,1871,0.00036918765,0.0
1872,1872,0.00040463038,0.0
1873,1873,0.00022319237,0.0
1874,1874,0.0025571976,0.0
1875,1875,0.00021365214,0.0
1876,1876,9.478583e-05,0.0
1877,1877,0.0022296135,0.0
1878,1878,0.0002171755,0.0
1879,1879,0.00023868117,0.0
1880,1880,0.0012692966,0.0
1881,1881,0.010077007,0.0
1882,1882,0.0018646244,0.0
1883,1883,0.0040875827,0.0
1884,1884,0.62697965,1.0
1885,1885,0.0028509356,0.0
1886,1886,0.0010695797,0.0
1887,1887,0.007937439,0.0
1888,1888,0.0003555218,0.0
1889,1889,0.010274967,0.0
1890,1890,5.300831e-05,0.0
1891,1891,0.00010703056,0.0
1892,1892,0.0010532717,0.0
1893,1893,9.728493e-05,0.0
1894,1894,0.0004005469,0.0
1895,1895,0.0055625797,0.0
1896,1896,8.289295e-05,0.0
1897,1897,0.28224397,0.0
1898,1898,0.023060735,0.0
1899,1899,0.031003766,0.0
1900,1900,0.0003631851,0.0
1901,1901,0.00014070682,0.0
1902,1902,0.006221912,0.0
1903,1903,0.0009690436,0.0
1904,1904,0.0001637238,0.0
1905,1905,2.4414221e-05,0.0
1906,1906,0.0054273396,0.0
1907,1907,6.0776347e-05,0.0
1908,1908,0.003400293,0.0
1909,1909,0.00012764047,0.0
1910,1910,0.78234434,1.0
1911,1911,9.11143e-05,0.0
1912,1912,0.007858744,0.0
1913,1913,0.0001296919,0.0
1914,1914,0.00011541683,0.0
1915,1915,0.0025829596,0.0
1916,1916,0.00027695234,0.0
1917,1917,0.0052841604,0.0
1918,1918,0.00027067677,0.0
1919,1919,6.4227796e-05,0.0
1920,1920,0.021168884,0.0
1921,1921,0.0005247844,0.0
1922,1922,0.00012635512,0.0
1923,1923,0.00017466271,0.0
1924,1924,0.00025564473,0.0
1925,1925,0.0008737997,0.0
1926,1926,0.0016492647,0.0
1927,1927,0.0006128717,0.0
1928,1928,0.00020584914,0.0
1929,1929,0.0005947338,0.0
1930,1930,6.8686655e-05,0.0
1931,1931,6.190859e-05,0.0
1932,1932,2.663675e-07,0.0
1933,1933,2.3901617e-05,0.0
1934,1934,1.0038754e-05,0.0
1935,1935,0.00022817009,0.0
1936,1936,0.0010906876,0.0
1937,1937,0.011773493,0.0
1938,1938,0.0016562341,0.0
1939,1939,0.0001656673,0.0
1940,1940,0.0010802386,0.0
1941,1941,0.00029591736,0.0
1942,1942,2.0579962e-05,0.0
1943,1943,0.0005223122,0.0
1944,1944,0.00036844192,0.0
1945,1945,0.0010500287,0.0
1946,1946,0.0010414738,0.0
1947,1947,0.11670934,0.0
1948,1948,0.013025552,0.0
1949,1949,0.005271243,0.0
1950,1950,9.3570845e-05,0.0
1951,1951,0.008112291,0.0
1952,1952,0.00021353483,0.0
1953,1953,0.073629424,0.0
1954,1954,0.0003327375,0.0
1955,1955,0.0066019692,0.0
1956,1956,0.0012941917,0.0
1957,1957,0.05986902,0.0
1958,1958,3.81622e-05,0.0
1959,1959,7.29292e-05,0.0
1960,1960,0.0010660021,0.0
1961,1961,6.7884546e-05,0.0
1962,1962,0.00556133,0.0
1963,1963,9.5639e-05,0.0
1964,1964,0.000892094,0.0
1965,1965,0.002212122,0.0
1966,1966,0.00035916353,0.0
1967,1967,0.00051270635,0.0
1968,1968,9.468013e-05,0.0
1969,1969,0.00024859628,0.0
1970,1970,0.0040751817,0.0
1971,1971,0.0005702456,0.0
1972,1972,0.07580289,0.0
1973,1973,0.004045441,0.0
1974,1974,0.0012609619,0.0
1975,1975,0.0023024182,0.0
1976,1976,0.00015457164,0.0
1977,1977,0.00013914921,0.0
1978,1978,0.00020635339,0.0
1979,1979,1.36239505e-05,0.0
1980,1980,0.0008581128,0.0
1981,1981,0.97989917,1.0
1982,1982,1.7952247e-05,0.0
1983,1983,0.0005309869,0.0
1984,1984,1.112163e-05,0.0
1985,1985,1.1273608e-05,0.0
1986,1986,0.0017452901,0.0
1987,1987,0.0027374027,0.0
1988,1988,3.091376e-05,0.0
1989,1989,7.338e-05,0.0
1990,1990,0.0019896615,0.0
1991,1991,4.6673194e-05,0.0
1992,1992,0.00025223725,0.0
1993,1993,0.00017532095,0.0
1994,1994,0.5791985,1.0
1995,1995,0.00018488096,0.0
1996,1996,0.00064046006,0.0
1997,1997,0.0010039265,0.0
1998,1998,7.169182e-05,0.0
1999,1999,0.033968847,0.0
2000,2000,0.0018402325,0.0
2001,2001,0.00017153096,0.0
2002,2002,0.003311913,0.0
2003,2003,0.0009705284,0.0
2004,2004,0.0023646723,0.0
2005,2005,0.00027895308,0.0
2006,2006,5.8445054e-05,0.0
2007,2007,6.014622e-05,0.0
2008,2008,0.014617895,0.0
2009,2009,0.0018965265,0.0
2010,2010,7.520853e-05,0.0
2011,2011,4.7582264e-05,0.0
2012,2012,0.004183404,0.0
2013,2013,1.9473704e-05,0.0
2014,2014,4.1297022e-05,0.0
2015,2015,0.0380898,0.0
2016,2016,4.534136e-05,0.0
2017,2017,0.020435259,0.0
2018,2018,0.016247893,0.0
2019,2019,0.0023529956,0.0
2020,2020,0.00017981768,0.0
2021,2021,0.00012532808,0.0
2022,2022,2.5419791e-05,0.0
2023,2023,7.495122e-05,0.0
2024,2024,0.00028920942,0.0
2025,2025,0.00044870656,0.0
2026,2026,0.0012829792,0.0
2027,2027,9.3716575e-05,0.0
2028,2028,0.022855792,0.0
2029,2029,0.0002578987,0.0
2030,2030,0.0020375727,0.0
2031,2031,0.00016394204,0.0
2032,2032,0.007914065,0.0
2033,2033,1.710114e-06,0.0
2034,2034,2.271018e-05,0.0
2035,2035,4.914339e-05,0.0
2036,2036,3.51171e-05,0.0
2037,2037,0.00013955848,0.0
2038,2038,0.0053708027,0.0
2039,2039,0.00031017698,0.0
2040,2040,0.000314153,0.0
2041,2041,0.057238907,0.0
2042,2042,0.2125411,0.0
2043,2043,3.9102117e-05,0.0
2044,2044,0.015750507,0.0
2045,2045,6.887773e-05,0.0
2046,2046,0.001713151,0.0
2047,2047,1.8866942e-05,0.0
2048,2048,0.00024267344,0.0
2049,2049,0.00023692445,0.0
2050,2050,5.092891e-05,0.0
2051,2051,0.00014166765,0.0
2052,2052,3.4067436e-06,0.0
2053,2053,2.0865404e-05,0.0
2054,2054,0.014112013,0.0
2055,2055,0.0047809407,0.0
2056,2056,2.2063574e-05,0.0
2057,2057,8.66385e-05,0.0
2058,2058,7.954555e-05,0.0
2059,2059,0.0005221629,0.0
2060,2060,0.2214557,0.0
2061,2061,0.004936306,0.0
2062,2062,5.5456076e-05,0.0
2063,2063,8.896653e-06,0.0
2064,2064,5.9991504e-05,0.0
2065,2065,0.00081033405,0.0
2066,2066,0.0011640687,0.0
2067,2067,0.001213859,0.0
2068,2068,0.016352119,0.0
2069,2069,9.257998e-05,0.0
2070,2070,0.0024696116,0.0
2071,2071,0.01276373,0.0
2072,2072,0.017826801,0.0
2073,2073,0.00030566842,0.0
2074,2074,0.00012835067,0.0
2075,2075,0.44532186,0.0
2076,2076,0.9372741,1.0
2077,2077,4.2115393e-05,0.0
2078,2078,5.8591486e-05,0.0
2079,2079,0.0006627486,0.0
2080,2080,0.0068826657,0.0
2081,2081,0.9414995,1.0
2082,2082,0.00021305609,0.0
2083,2083,0.0014228792,0.0
2084,2084,0.00013828586,0.0
2085,2085,0.0003789875,0.0
2086,2086,0.00013258476,0.0
2087,2087,0.5220952,1.0
2088,2088,0.0009051416,0.0
2089,2089,0.02880425,0.0
2090,2090,0.5518088,1.0
2091,2091,6.09278e-05,0.0
2092,2092,0.79341763,1.0
2093,2093,0.0021652665,0.0
2094,2094,0.9386084,1.0
2095,2095,0.0013833875,0.0
2096,2096,0.0010950029,0.0
2097,2097,0.0001577228,0.0
2098,2098,0.0032723243,0.0
2099,2099,0.17079923,0.0
2100,2100,3.7046648e-05,0.0
2101,2101,0.9493606,1.0
2102,2102,0.0006351413,0.0
2103,2103,0.00036741668,0.0
2104,2104,4.3638218e-05,0.0
2105,2105,0.00031612482,0.0
2106,2106,0.060833447,0.0
2107,2107,1.1370448e-05,0.0
2108,2108,2.8269827e-05,0.0
2109,2109,5.6193643e-05,0.0
2110,2110,0.00065086555,0.0
2111,2111,2.4359893e-05,0.0
2112,2112,8.831344e-05,0.0
2113,2113,4.6217217e-05,0.0
2114,2114,0.00011712913,0.0
2115,2115,0.006239515,0.0
2116,2116,0.0041689756,0.0
2117,2117,0.66309893,1.0
2118,2118,0.0036770902,0.0
2119,2119,3.0262268e-05,0.0
2120,2120,0.0001713603,0.0
2121,2121,0.018315217,0.0
2122,2122,0.31463754,0.0
2123,2123,0.00036870086,0.0
2124,2124,5.146513e-05,0.0
2125,2125,2.1891397e-05,0.0
2126,2126,0.76714754,1.0
2127,2127,7.397311e-05,0.0
2128,2128,0.0002835009,0.0
2129,2129,0.035720937,0.0
2130,2130,0.021566128,0.0
2131,2131,2.799527e-05,0.0
2132,2132,0.011458827,0.0
2133,2133,0.0019786216,0.0
2134,2134,0.001828721,0.0
2135,2135,6.4390486e-05,0.0
2136,2136,0.014422508,0.0
2137,2137,0.003288711,0.0
2138,2138,0.0037474406,0.0
2139,2139,3.013834e-06,0.0
2140,2140,0.00032194596,0.0
2141,2141,0.00012816172,0.0
2142,2142,0.0037452516,0.0
2143,2143,0.00011244535,0.0
2144,2144,1.9846634e-06,0.0
2145,2145,0.0006963637,0.0
2146,2146,0.0003941666,0.0
2147,2147,0.00088387926,0.0
2148,2148,0.003352424,0.0
2149,2149,0.00023024358,0.0
2150,2150,1.7879618e-05,0.0
2151,2151,0.00018641086,0.0
2152,2152,0.00018208826,0.0
2153,2153,9.443884e-05,0.0
2154,2154,2.1339618e-05,0.0
2155,2155,0.00025714983,0.0
2156,2156,0.0005194737,0.0
2157,2157,0.00011334597,0.0
2158,2158,0.018748635,0.0
2159,2159,0.00017905221,0.0
2160,2160,0.042456023,0.0
2161,2161,0.06567065,0.0
2162,2162,0.00010723855,0.0
2163,2163,6.144243e-05,0.0
2164,2164,7.142194e-05,0.0
2165,2165,5.0664377e-05,0.0
2166,2166,0.0025898311,0.0
2167,2167,0.7829815,1.0
2168,2168,2.8461927e-06,0.0
2169,2169,0.00024225708,0.0
2170,2170,5.9995735e-05,0.0
2171,2171,0.00037972414,0.0
2172,2172,9.1573165e-05,0.0
2173,2173,0.00011091917,0.0
2174,2174,8.380242e-05,0.0
2175,2175,0.2440106,0.0
2176,2176,8.958592e-05,0.0
2177,2177,7.573384e-05,0.0
2178,2178,0.012974978,0.0
2179,2179,0.00015435086,0.0
2180,2180,3.167431e-05,0.0
2181,2181,2.9844012e-05,0.0
2182,2182,0.17240103,0.0
2183,2183,0.0007681623,0.0
2184,2184,0.00331367,0.0
2185,2185,0.0044284137,0.0
2186,2186,0.0012676669,0.0
2187,2187,1.0806565e-06,0.0
2188,2188,0.0012169118,0.0
2189,2189,0.00016279881,0.0
2190,2190,0.002786588,0.0
2191,2191,0.0010792696,0.0
2192,2192,0.0010946962,0.0
2193,2193,9.637782e-05,0.0
2194,2194,8.769957e-06,0.0
2195,2195,0.00025103524,0.0
2196,2196,0.016191969,0.0
2197,2197,2.326478e-05,0.0
2198,2198,0.010533429,0.0
2199,2199,0.00032876068,0.0
2200,2200,0.00011399806,0.0
2201,2201,0.30662724,0.0
2202,2202,0.00011557091,0.0
2203,2203,0.039947893,0.0
2204,2204,0.00065178797,0.0
2205,2205,3.3082346e-05,0.0
2206,2206,0.0003591738,0.0
2207,2207,0.000759987,0.0
2208,2208,0.00039650736,0.0
2209,2209,0.0008632104,0.0
2210,2210,0.0017652502,0.0
2211,2211,0.00036657698,0.0
2212,2212,0.22597708,0.0
2213,2213,0.75816137,1.0
2214,2214,0.010934196,0.0
2215,2215,7.599732e-05,0.0
2216,2216,7.2391726e-05,0.0
2217,2217,0.0006285707,0.0
2218,2218,0.93126804,1.0
2219,2219,0.027536122,0.0
2220,2220,0.0006217847,0.0
2221,2221,0.00011949587,0.0
2222,2222,0.075181164,0.0
2223,2223,0.00011800785,0.0
2224,2224,0.9057104,1.0
2225,2225,0.027283404,0.0
2226,2226,0.0014744329,0.0
2227,2227,0.00015348614,0.0
2228,2228,1.4723149e-05,0.0
2229,2229,0.00034160135,0.0
2230,2230,0.844198,1.0
2231,2231,0.002427816,0.0
2232,2232,3.983746e-05,0.0
2233,2233,0.00013805834,0.0
2234,2234,0.00047662173,0.0
2235,2235,0.0059229783,0.0
2236,2236,0.00014230561,0.0
2237,2237,0.0025769423,0.0
2238,2238,0.001673142,0.0
2239,2239,0.00042938403,0.0
2240,2240,0.010958854,0.0
2241,2241,0.0039166277,0.0
2242,2242,1.7504379e-05,0.0
2243,2243,0.00085753005,0.0
2244,2244,8.259744e-05,0.0
2245,2245,4.0521577e-06,0.0
2246,2246,0.0014161242,0.0
2247,2247,0.00011229233,0.0
2248,2248,0.9121482,1.0
2249,2249,0.037653852,0.0
2250,2250,0.00050070276,0.0
2251,2251,8.432525e-05,0.0
2252,2252,9.7736556e-05,0.0
2253,2253,0.5507893,1.0
2254,2254,0.03552726,0.0
2255,2255,0.00024213699,0.0
2256,2256,0.014983413,0.0
2257,2257,0.0007261151,0.0
2258,2258,0.0008031678,0.0
2259,2259,0.0008594016,0.0
2260,2260,0.004480623,0.0
2261,2261,0.00011547231,0.0
2262,2262,5.8424025e-06,0.0
2263,2263,3.3730856e-05,0.0
2264,2264,0.14870238,0.0
2265,2265,3.9571965e-05,0.0
2266,2266,0.00036570712,0.0
2267,2267,4.4544384e-05,0.0
2268,2268,3.843234e-06,0.0
2269,2269,0.0008878278,0.0
2270,2270,0.0014101784,0.0
2271,2271,0.033771165,0.0
2272,2272,0.01821006,0.0
2273,2273,0.0020794729,0.0
2274,2274,0.7465761,1.0
2275,2275,0.010009601,0.0
2276,2276,0.0002828667,0.0
2277,2277,0.013557723,0.0
2278,2278,1.3160098e-05,0.0
2279,2279,0.03591035,0.0
2280,2280,0.006735687,0.0
2281,2281,2.3096773e-05,0.0
2282,2282,0.0008523197,0.0
2283,2283,0.0002081969,0.0
2284,2284,0.0016844502,0.0
2285,2285,2.3933962e-05,0.0
2286,2286,0.001102575,0.0
2287,2287,1.5286054e-05,0.0
2288,2288,5.9850013e-06,0.0
2289,2289,0.00019588416,0.0
2290,2290,2.273963e-05,0.0
2291,2291,5.6375327e-05,0.0
2292,2292,9.208701e-05,0.0
2293,2293,0.0045995056,0.0
2294,2294,0.0003358755,0.0
2295,2295,0.00013080535,0.0
2296,2296,0.008725892,0.0
2297,2297,3.9520637e-05,0.0
2298,2298,0.0025471104,0.0
2299,2299,0.00025644348,0.0
2300,2300,3.1807434e-05,0.0
2301,2301,0.0013896531,0.0
2302,2302,0.018930027,0.0
2303,2303,0.1975528,0.0
2304,2304,2.1964632e-05,0.0
2305,2305,0.0028977974,0.0
2306,2306,0.0006917284,0.0
2307,2307,0.10848634,0.0
2308,2308,0.0001098267,0.0
2309,2309,1.7562434e-05,0.0
2310,2310,0.0006950138,0.0
2311,2311,0.00015418568,0.0
2312,2312,3.7398124e-06,0.0
2313,2313,0.015708014,0.0
2314,2314,0.8367559,1.0
2315,2315,7.7003526e-05,0.0
2316,2316,0.31201133,0.0
2317,2317,0.0940286,0.0
2318,2318,0.02010071,0.0
2319,2319,0.002396099,0.0
2320,2320,0.00040063632,0.0
2321,2321,4.289914e-05,0.0
2322,2322,0.7066083,1.0
2323,2323,0.00028390126,0.0
2324,2324,5.607283e-05,0.0
2325,2325,6.971291e-05,0.0
2326,2326,0.021967763,0.0
2327,2327,0.00081841,0.0
2328,2328,0.9187579,1.0
2329,2329,0.0004035864,0.0
2330,2330,0.29701748,0.0
2331,2331,1.2883773e-05,0.0
2332,2332,0.00010939096,0.0
2333,2333,0.0035403294,0.0
2334,2334,7.5090607e-06,0.0
2335,2335,0.49344108,0.0
2336,2336,0.0025640174,0.0
2337,2337,0.0020768603,0.0
2338,2338,0.00040947966,0.0
2339,2339,5.206778e-05,0.0
2340,2340,0.017713577,0.0
2341,2341,0.00076500943,0.0
2342,2342,4.203763e-05,0.0
2343,2343,0.00041251956,0.0
2344,2344,0.00034808024,0.0
2345,2345,0.0001350945,0.0
2346,2346,0.00048433192,0.0
2347,2347,0.00012663074,0.0
2348,2348,0.4371635,0.0
2349,2349,0.00051699986,0.0
2350,2350,9.280131e-05,0.0
2351,2351,0.0052322927,0.0
2352,2352,0.0006863974,0.0
2353,2353,0.00040804764,0.0
2354,2354,0.0015627183,0.0
2355,2355,0.005679877,0.0
2356,2356,0.0003921184,0.0
2357,2357,0.0008262269,0.0
2358,2358,0.0075445166,0.0
2359,2359,0.013183062,0.0
2360,2360,3.3861063e-05,0.0
2361,2361,1.1782002e-05,0.0
2362,2362,4.929419e-06,0.0
2363,2363,7.223147e-05,0.0
2364,2364,0.0012319648,0.0
2365,2365,0.00063307927,0.0
2366,2366,3.736933e-05,0.0
2367,2367,0.00059107767,0.0
2368,2368,0.00046977605,0.0
2369,2369,2.5007694e-05,0.0
2370,2370,0.00018407394,0.0
2371,2371,2.020817e-05,0.0
2372,2372,0.05474984,0.0
2373,2373,0.75152093,1.0
2374,2374,0.42103174,0.0
2375,2375,1.2584472e-05,0.0
2376,2376,4.3304666e-05,0.0
2377,2377,0.00024084163,0.0
2378,2378,0.010767692,0.0
2379,2379,0.00017292802,0.0
2380,2380,0.00016155628,0.0
2381,2381,0.0009317309,0.0
2382,2382,1.0926082e-05,0.0
2383,2383,0.00035322216,0.0
2384,2384,1.1178688e-06,0.0
2385,2385,5.2526348e-06,0.0
2386,2386,0.00014885026,0.0
2387,2387,0.0034191178,0.0
2388,2388,2.1398268e-05,0.0
2389,2389,0.014848624,0.0
2390,2390,0.00013294099,0.0
2391,2391,0.0021035292,0.0
2392,2392,0.00072115683,0.0
2393,2393,0.00033139993,0.0
2394,2394,0.00021324835,0.0
2395,2395,0.012460192,0.0
2396,2396,0.00024954783,0.0
2397,2397,0.0004450508,0.0
2398,2398,0.0008812454,0.0
2399,2399,0.0007190364,0.0
2400,2400,1.2057594e-05,0.0
2401,2401,0.00029569765,0.0
2402,2402,0.00022399824,0.0
2403,2403,0.0036494115,0.0
2404,2404,0.00050055824,0.0
2405,2405,8.7841676e-05,0.0
2406,2406,1.7155542e-05,0.0
2407,2407,9.267264e-05,0.0
2408,2408,0.00020085627,0.0
2409,2409,7.118233e-05,0.0
2410,2410,6.5477936e-05,0.0
2411,2411,0.00013159464,0.0
2412,2412,4.8378155e-05,0.0
2413,2413,2.7786705e-06,0.0
2414,2414,8.414218e-05,0.0
2415,2415,0.004499802,0.0
2416,2416,0.00072590617,0.0
2417,2417,0.0003265441,0.0
2418,2418,9.810109e-05,0.0
2419,2419,0.0017183372,0.0
2420,2420,0.004976321,0.0
2421,2421,0.17673117,0.0
2422,2422,0.02419063,0.0
2423,2423,0.00024117531,0.0
2424,2424,6.4771695e-05,0.0
2425,2425,0.0051587126,0.0
2426,2426,3.8524304e-05,0.0
2427,2427,6.6532166e-06,0.0
2428,2428,4.107789e-05,0.0
2429,2429,0.00041068683,0.0
2430,2430,0.0018458782,0.0
2431,2431,0.022501832,0.0
2432,2432,0.0001093823,0.0
2433,2433,0.00012395547,0.0
2434,2434,4.8728936e-05,0.0
2435,2435,0.0005738786,0.0
2436,2436,0.87560004,1.0
2437,2437,0.0061411913,0.0
2438,2438,0.007179648,0.0
2439,2439,5.5411674e-05,0.0
2440,2440,0.13659737,0.0
2441,2441,0.00010237949,0.0
2442,2442,0.00010518265,0.0
2443,2443,0.001755124,0.0
2444,2444,0.00045690002,0.0
2445,2445,0.02597499,0.0
2446,2446,0.000409546,0.0
2447,2447,0.00088172336,0.0
2448,2448,0.0057409117,0.0
2449,2449,4.778031e-06,0.0
2450,2450,0.00010370903,0.0
2451,2451,1.152941e-05,0.0
2452,2452,5.8611935e-05,0.0
2453,2453,0.0015167248,0.0
2454,2454,0.0008797026,0.0
2455,2455,0.00083221466,0.0
2456,2456,0.00056830095,0.0
2457,2457,0.0005035381,0.0
2458,2458,1.3186329e-06,0.0
2459,2459,4.0631476e-06,0.0
2460,2460,9.54434e-05,0.0
2461,2461,0.00045308075,0.0
2462,2462,0.0042940797,0.0
2463,2463,0.00029234172,0.0
2464,2464,0.0004799979,0.0
2465,2465,1.6315864e-05,0.0
2466,2466,0.005717134,0.0
2467,2467,0.010361828,0.0
2468,2468,2.1102818e-05,0.0
2469,2469,0.019780679,0.0
2470,2470,0.0053341356,0.0
2471,2471,0.121850334,0.0
2472,2472,0.0013671194,0.0
2473,2473,0.0010924564,0.0
2474,2474,1.1867141e-05,0.0
2475,2475,0.010107352,0.0
2476,2476,0.0008021887,0.0
2477,2477,0.00033861605,0.0
2478,2478,0.01805594,0.0
2479,2479,8.794192e-05,0.0
2480,2480,0.0034174803,0.0
2481,2481,0.00010706567,0.0
2482,2482,0.006637006,0.0
2483,2483,0.00021916708,0.0
2484,2484,5.920826e-05,0.0
2485,2485,5.646276e-05,0.0
2486,2486,0.0004911078,0.0
2487,2487,0.0002143532,0.0
2488,2488,0.0004311666,0.0
2489,2489,0.87786305,1.0
2490,2490,0.0016067674,0.0
2491,2491,0.000982665,0.0
2492,2492,9.608437e-05,0.0
2493,2493,0.00011451219,0.0
2494,2494,0.9051148,1.0
2495,2495,0.00035191065,0.0
2496,2496,4.8630478e-05,0.0
2497,2497,1.2400103e-05,0.0
2498,2498,0.1012718,0.0
2499,2499,0.0006727172,0.0
2500,2500,4.0261282e-05,0.0
2501,2501,3.478685e-05,0.0
2502,2502,0.009850716,0.0
2503,2503,0.00057622936,0.0
2504,2504,0.9601729,1.0
2505,2505,0.0024298423,0.0
2506,2506,3.1702653e-05,0.0
2507,2507,0.0008983573,0.0
2508,2508,0.000114865994,0.0
2509,2509,0.0035335133,0.0
2510,2510,0.012325915,0.0
2511,2511,0.00017239247,0.0
2512,2512,0.020353787,0.0
2513,2513,0.0002654504,0.0
2514,2514,0.00068056176,0.0
2515,2515,0.0004954604,0.0
2516,2516,5.5612356e-05,0.0
2517,2517,0.00092507806,0.0
2518,2518,0.00025057636,0.0
2519,2519,2.9570485e-05,0.0
2520,2520,3.070814e-05,0.0
2521,2521,0.00029982236,0.0
2522,2522,6.335293e-05,0.0
2523,2523,7.207659e-05,0.0
2524,2524,3.7449954e-05,0.0
2525,2525,0.0003605237,0.0
2526,2526,0.00036537816,0.0
2527,2527,0.008810834,0.0
2528,2528,2.3549376e-06,0.0
2529,2529,0.0003791432,0.0
2530,2530,0.00035150698,0.0
2531,2531,0.00010082162,0.0
2532,2532,0.0003138647,0.0
2533,2533,0.010795398,0.0
2534,2534,0.00090539694,0.0
2535,2535,0.008311879,0.0
2536,2536,0.0017482768,0.0
2537,2537,0.0018686666,0.0
2538,2538,0.003006506,0.0
2539,2539,1.9125762e-05,0.0
2540,2540,0.8549359,1.0
2541,2541,1.5533615e-05,0.0
2542,2542,0.014308742,0.0
2543,2543,0.00022137056,0.0
2544,2544,0.00011335894,0.0
2545,2545,0.00017288959,0.0
2546,2546,1.6563175e-05,0.0
2547,2547,0.0073133046,0.0
2548,2548,0.8444505,1.0
2549,2549,0.0002732255,0.0
2550,2550,0.013735059,0.0
2551,2551,0.0018438007,0.0
2552,2552,0.00055693014,0.0
2553,2553,0.014896159,0.0
2554,2554,0.047276627,0.0
2555,2555,0.0019983477,0.0
2556,2556,0.00014038479,0.0
2557,2557,2.4611167e-05,0.0
2558,2558,1.7910592e-05,0.0
2559,2559,0.0013410302,0.0
2560,2560,0.0020685575,0.0
2561,2561,0.00092277257,0.0
2562,2562,0.022305915,0.0
2563,2563,0.19010031,0.0
2564,2564,0.023916237,0.0
2565,2565,0.002024974,0.0
2566,2566,4.094808e-05,0.0
2567,2567,3.8221715e-05,0.0
2568,2568,0.001021551,0.0
2569,2569,0.00020187753,0.0
2570,2570,0.00027266028,0.0
2571,2571,0.00050855894,0.0
2572,2572,0.009580181,0.0
2573,2573,0.42468563,0.0
2574,2574,0.0026496777,0.0
2575,2575,0.9184541,1.0
2576,2576,0.0026476572,0.0
2577,2577,3.7953193e-06,0.0
2578,2578,2.131879e-05,0.0
2579,2579,0.010125287,0.0
2580,2580,0.0002200268,0.0
2581,2581,0.00017144055,0.0
2582,2582,0.0011422004,0.0
2583,2583,0.00028069655,0.0
2584,2584,0.0054267272,0.0
2585,2585,0.014850717,0.0
2586,2586,0.0028214399,0.0
2587,2587,0.0003325529,0.0
2588,2588,7.98676e-05,0.0
2589,2589,0.0029493144,0.0
2590,2590,1.2902449e-05,0.0
2591,2591,0.9436973,1.0
2592,2592,2.1835872e-06,0.0
2593,2593,0.0006067453,0.0
2594,2594,1.1506069e-05,0.0
2595,2595,0.0018967143,0.0
2596,2596,0.00024735313,0.0
2597,2597,0.71968096,1.0
2598,2598,0.011387233,0.0
2599,2599,0.0002154215,0.0
2600,2600,0.24825294,0.0
2601,2601,0.00485199,0.0
2602,2602,8.781347e-06,0.0
2603,2603,3.4505813e-06,0.0
2604,2604,0.00076289667,0.0
2605,2605,0.0005421506,0.0
2606,2606,1.4004954e-05,0.0
2607,2607,0.00083343755,0.0
2608,2608,0.000265808,0.0
2609,2609,0.00038969025,0.0
2610,2610,0.085025065,0.0
2611,2611,0.000330652,0.0
2612,2612,8.3561514e-05,0.0
2613,2613,0.00046379064,0.0
2614,2614,0.00023320277,0.0
2615,2615,0.0013283177,0.0
2616,2616,0.0043815295,0.0
2617,2617,5.4363292e-05,0.0
2618,2618,0.039609075,0.0
2619,2619,0.0002307156,0.0
2620,2620,8.361133e-05,0.0
2621,2621,4.840853e-05,0.0
2622,2622,0.0001654228,0.0
2623,2623,0.98441124,1.0
2624,2624,4.8606133e-05,0.0
2625,2625,0.0008591191,0.0
2626,2626,0.00013838848,0.0
2627,2627,1.4558673e-05,0.0
2628,2628,0.00012464076,0.0
2629,2629,1.6122414e-05,0.0
2630,2630,0.00014937021,0.0
2631,2631,0.0092301825,0.0
2632,2632,0.0040561943,0.0
2633,2633,0.0005768712,0.0
2634,2634,6.97638e-06,0.0
2635,2635,0.025230173,0.0
2636,2636,0.00011074088,0.0
2637,2637,0.00072168687,0.0
2638,2638,0.0003968715,0.0
2639,2639,0.96880275,1.0
2640,2640,0.49950138,0.0
2641,2641,0.8994096,1.0
2642,2642,0.0007026266,0.0
2643,2643,0.033315763,0.0
2644,2644,0.0018024885,0.0
2645,2645,0.00023703405,0.0
2646,2646,0.006060288,0.0
2647,2647,0.0020282683,0.0
2648,2648,0.0022570796,0.0
2649,2649,0.52228487,1.0
2650,2650,0.00046105238,0.0
2651,2651,1.4229593e-05,0.0
2652,2652,0.00040508038,0.0
2653,2653,8.7288565e-05,0.0
2654,2654,0.011838905,0.0
2655,2655,0.00012516971,0.0
2656,2656,0.00038004067,0.0
2657,2657,0.00031248503,0.0
2658,2658,3.101744e-05,0.0
2659,2659,0.00010985864,0.0
2660,2660,0.0005230615,0.0
2661,2661,7.121662e-05,0.0
2662,2662,0.95296276,1.0
2663,2663,0.0008816964,0.0
2664,2664,0.008940895,0.0
2665,2665,0.00011057975,0.0
2666,2666,0.00016026608,0.0
2667,2667,4.7058393e-06,0.0
2668,2668,4.3173335e-05,0.0
2669,2669,0.00018505186,0.0
2670,2670,0.00030419364,0.0
2671,2671,0.0060816887,0.0
2672,2672,0.00021717903,0.0
2673,2673,0.8792859,1.0
2674,2674,4.35512e-05,0.0
2675,2675,0.0049816035,0.0
2676,2676,0.002425521,0.0
2677,2677,0.0024345093,0.0
2678,2678,0.004321638,0.0
2679,2679,1.33925005e-05,0.0
2680,2680,0.0009239884,0.0
2681,2681,0.004793413,0.0
2682,2682,0.00050923997,0.0
2683,2683,0.00039842536,0.0
2684,2684,0.0006948462,0.0
2685,2685,2.9403593e-05,0.0
2686,2686,0.011719147,0.0
2687,2687,0.76307905,1.0
2688,2688,0.30226743,0.0
2689,2689,0.0011851658,0.0
2690,2690,0.0011769858,0.0
2691,2691,0.0011778235,0.0
2692,2692,0.00086261105,0.0
2693,2693,0.93427575,1.0
2694,2694,0.0015437448,0.0
2695,2695,0.0016457293,0.0
2696,2696,0.0026323774,0.0
2697,2697,0.0055549145,0.0
2698,2698,1.2635436e-05,0.0
2699,2699,0.003072199,0.0
2700,2700,0.0002821403,0.0
2701,2701,9.1125037e-07,0.0
2702,2702,0.01330932,0.0
2703,2703,0.0017832859,0.0
2704,2704,5.481306e-05,0.0
2705,2705,0.0011588787,0.0
2706,2706,5.7474568e-05,0.0
2707,2707,0.005834739,0.0
2708,2708,0.00089301163,0.0
2709,2709,0.0011856717,0.0
2710,2710,0.0023505657,0.0
2711,2711,0.0046510557,0.0
2712,2712,0.008965002,0.0
2713,2713,0.00058402005,0.0
2714,2714,0.0005389069,0.0
2715,2715,0.00067042204,0.0
2716,2716,0.006811498,0.0
2717,2717,0.00011881188,0.0
2718,2718,0.00033455022,0.0
2719,2719,7.722516e-05,0.0
2720,2720,0.020118862,0.0
2721,2721,0.00041363676,0.0
2722,2722,0.00033764128,0.0
2723,2723,1.5365196e-05,0.0
2724,2724,0.0012786143,0.0
2725,2725,0.002120628,0.0
2726,2726,8.514555e-05,0.0
2727,2727,0.0004186566,0.0
2728,2728,0.0020974663,0.0
2729,2729,0.0001834759,0.0
2730,2730,0.00035193347,0.0
2731,2731,0.00061685365,0.0
2732,2732,0.0004266605,0.0
2733,2733,5.2325217e-05,0.0
2734,2734,0.00026357686,0.0
2735,2735,0.6491007,1.0
2736,2736,0.00027168382,0.0
2737,2737,0.0009205903,0.0
2738,2738,0.05477023,0.0
2739,2739,0.00021597864,0.0
2740,2740,0.0005048111,0.0
2741,2741,6.354936e-06,0.0
2742,2742,0.00010612281,0.0
2743,2743,5.045551e-05,0.0
2744,2744,0.5392219,1.0
2745,2745,0.050343487,0.0
2746,2746,0.00048578516,0.0
2747,2747,0.0011652568,0.0
2748,2748,9.804694e-05,0.0
2749,2749,0.002074474,0.0
2750,2750,0.0003024329,0.0
2751,2751,0.0009320044,0.0
2752,2752,1.5108372e-05,0.0
2753,2753,0.6373132,1.0
2754,2754,8.129141e-05,0.0
2755,2755,7.7146105e-05,0.0
2756,2756,0.00022879489,0.0
2757,2757,0.00012253744,0.0
2758,2758,0.0012122379,0.0
2759,2759,0.0033635725,0.0
2760,2760,0.5000159,1.0
2761,2761,0.0035367548,0.0
2762,2762,0.00017560454,0.0
2763,2763,0.97457945,1.0
2764,2764,0.008862186,0.0
2765,2765,0.0056599462,0.0
2766,2766,0.00044866253,0.0
2767,2767,8.4971485e-05,0.0
2768,2768,0.006146566,0.0
2769,2769,0.0023922543,0.0
2770,2770,4.9279856e-06,0.0
2771,2771,0.002307438,0.0
2772,2772,0.00015798832,0.0
2773,2773,0.00078934117,0.0
2774,2774,3.1311218e-05,0.0
2775,2775,0.0006735647,0.0
2776,2776,0.00014368232,0.0
2777,2777,7.2611656e-05,0.0
2778,2778,0.0028218154,0.0
2779,2779,0.09925396,0.0
2780,2780,1.6313234e-05,0.0
2781,2781,3.274568e-05,0.0
2782,2782,0.109603986,0.0
2783,2783,0.012036064,0.0
2784,2784,3.4429293e-06,0.0
2785,2785,0.0034763406,0.0
2786,2786,0.0072966027,0.0
2787,2787,7.42551e-05,0.0
2788,2788,0.00015026062,0.0
2789,2789,3.9624152e-05,0.0
2790,2790,0.00067722326,0.0
2791,2791,0.0011353748,0.0
2792,2792,1.3367211e-05,0.0
2793,2793,0.0016135927,0.0
2794,2794,0.21832353,0.0
2795,2795,5.5337587e-05,0.0
2796,2796,0.00013599082,0.0
2797,2797,0.11820465,0.0
2798,2798,0.0006883036,0.0
2799,2799,0.0007870286,0.0
2800,2800,7.5937423e-06,0.0
2801,2801,0.0010910877,0.0
2802,2802,0.00018492909,0.0
2803,2803,0.00033656112,0.0
2804,2804,0.0011101929,0.0
2805,2805,0.00014993259,0.0
2806,2806,0.0005684299,0.0
2807,2807,0.6002368,1.0
2808,2808,4.4518136e-05,0.0
2809,2809,0.00035353482,0.0
2810,2810,0.0012660127,0.0
2811,2811,0.15046765,0.0
2812,2812,0.00013391454,0.0
2813,2813,7.1582515e-05,0.0
2814,2814,0.00022018336,0.0
2815,2815,0.019321557,0.0
2816,2816,0.00065938174,0.0
2817,2817,0.006796695,0.0
2818,2818,0.111470886,0.0
2819,2819,0.00023339962,0.0
2820,2820,0.001316761,0.0
2821,2821,0.0037753792,0.0
2822,2822,5.16733e-05,0.0
2823,2823,0.30573228,0.0
2824,2824,0.0009888955,0.0
2825,2825,0.00018716049,0.0
2826,2826,0.046205863,0.0
2827,2827,0.63769335,1.0
2828,2828,7.494164e-05,0.0
2829,2829,6.529885e-05,0.0
2830,2830,0.0008590651,0.0
2831,2831,0.0040821317,0.0
2832,2832,0.00018485171,0.0
2833,2833,0.001141787,0.0
2834,2834,6.790546e-05,0.0
2835,2835,0.0014083586,0.0
2836,2836,0.005590402,0.0
2837,2837,0.0075579244,0.0
2838,2838,0.034601457,0.0
2839,2839,5.9517724e-06,0.0
2840,2840,0.00028335094,0.0
2841,2841,0.00035118574,0.0
2842,2842,0.00015901391,0.0
2843,2843,8.0119025e-06,0.0
2844,2844,0.0011550974,0.0
2845,2845,0.00022966805,0.0
2846,2846,0.056407582,0.0
2847,2847,0.0058942586,0.0
2848,2848,8.78686e-06,0.0
2849,2849,0.00043088477,0.0
2850,2850,5.4459237e-05,0.0
2851,2851,0.001230765,0.0
2852,2852,0.0022253615,0.0
2853,2853,0.00049838005,0.0
2854,2854,3.9446797e-05,0.0
2855,2855,6.4527376e-05,0.0
2856,2856,0.59278816,1.0
2857,2857,0.121013924,0.0
2858,2858,3.117413e-05,0.0
2859,2859,0.0009288865,0.0
2860,2860,0.00026810452,0.0
2861,2861,0.0020149022,0.0
2862,2862,0.0002710815,0.0
2863,2863,0.012621371,0.0
2864,2864,0.14619863,0.0
2865,2865,0.0006382524,0.0
2866,2866,0.00040487503,0.0
2867,2867,0.0067751817,0.0
2868,2868,0.093054965,0.0
2869,2869,0.00019699147,0.0
2870,2870,0.13292143,0.0
2871,2871,0.000408808,0.0
2872,2872,0.008732617,0.0
2873,2873,6.1778315e-05,0.0
2874,2874,0.00043727734,0.0
2875,2875,0.0003505706,0.0
2876,2876,0.005088474,0.0
2877,2877,0.0002770239,0.0
2878,2878,0.0009412397,0.0
2879,2879,0.020387987,0.0
2880,2880,2.101476e-05,0.0
2881,2881,0.00039676146,0.0
2882,2882,0.036072988,0.0
2883,2883,0.14955686,0.0
2884,2884,1.8040704e-05,0.0
2885,2885,0.00012232485,0.0
2886,2886,0.0004874346,0.0
2887,2887,0.00074032776,0.0
2888,2888,3.4560815e-06,0.0
2889,2889,6.727991e-05,0.0
2890,2890,0.00029796298,0.0
2891,2891,0.0107514495,0.0
2892,2892,6.126976e-05,0.0
2893,2893,0.0031561523,0.0
2894,2894,0.0007011523,0.0
2895,2895,1.691151e-05,0.0
2896,2896,0.0023027402,0.0
2897,2897,0.018939355,0.0
2898,2898,0.00060582766,0.0
2899,2899,1.01857995e-05,0.0
2900,2900,0.00013969415,0.0
2901,2901,0.0016168393,0.0
2902,2902,0.010860751,0.0
2903,2903,1.7267977e-05,0.0
