,id_measurement,hard_voted_class,avg_probability,soft_voted_class
0,0,0,0.098051146,0.0
1,1,1,0.59310174,1.0
2,2,0,0.0030705594,0.0
3,3,0,0.0010437776,0.0
4,4,0,0.019853825,0.0
5,5,0,0.005192289,0.0
6,6,0,0.0033638186,0.0
7,7,0,0.0012198437,0.0
8,8,0,0.067747645,0.0
9,9,0,0.011580215,0.0
10,10,0,0.0014658645,0.0
11,11,0,0.0028422517,0.0
12,12,0,0.049235035,0.0
13,13,0,0.47900993,0.0
14,14,0,0.11365534,0.0
15,15,0,0.0033424404,0.0
16,16,0,0.10863851,0.0
17,17,0,0.0012568213,0.0
18,18,0,0.14609751,0.0
19,19,0,0.0016111999,0.0
20,20,0,0.003943494,0.0
21,21,0,0.0013577992,0.0
22,22,0,0.009368492,0.0
23,23,0,0.045611702,0.0
24,24,0,0.0027123182,0.0
25,25,0,0.0073629073,0.0
26,26,0,0.0014079467,0.0
27,27,0,0.0006106829,0.0
28,28,0,0.0015311232,0.0
29,29,0,0.0019754902,0.0
30,30,0,0.041059084,0.0
31,31,0,0.025977219,0.0
32,32,0,0.008439223,0.0
33,33,0,0.0015118535,0.0
34,34,0,0.0019724178,0.0
35,35,0,0.004397203,0.0
36,36,0,0.0010403194,0.0
37,37,0,0.0015274594,0.0
38,38,0,0.008350426,0.0
39,39,0,0.002402006,0.0
40,40,0,0.031975705,0.0
41,41,1,0.6599804,1.0
42,42,0,0.009552007,0.0
43,43,0,0.0012702722,0.0
44,44,0,0.00089405105,0.0
45,45,0,0.0016492106,0.0
46,46,0,0.015682638,0.0
47,47,0,0.027047694,0.0
48,48,0,0.0013099514,0.0
49,49,0,0.0018238997,0.0
50,50,0,0.006870725,0.0
51,51,0,0.0029581836,0.0
52,52,0,0.029745761,0.0
53,53,0,0.0032086256,0.0
54,54,0,0.19634427,0.0
55,55,0,0.0017088106,0.0
56,56,0,0.0024733923,0.0
57,57,0,0.001321049,0.0
58,58,0,0.009245155,0.0
59,59,0,0.0061484603,0.0
60,60,0,0.0006436239,0.0
61,61,0,0.0013476654,0.0
62,62,0,0.002405397,0.0
63,63,0,0.0016833491,0.0
64,64,0,0.0019469165,0.0
65,65,0,0.0055414727,0.0
66,66,0,0.040982023,0.0
67,67,1,0.7834631,1.0
68,68,0,0.0033919464,0.0
69,69,0,0.0045016473,0.0
70,70,0,0.00070451514,0.0
71,71,0,0.0028271908,0.0
72,72,0,0.0020270643,0.0
73,73,0,0.0016996929,0.0
74,74,0,0.0024225055,0.0
75,75,0,0.0070635686,0.0
76,76,0,0.0027547404,0.0
77,77,0,0.0071198433,0.0
78,78,0,0.0013915823,0.0
79,79,0,0.0012231823,0.0
80,80,0,0.007461804,0.0
81,81,0,0.007797991,0.0
82,82,0,0.0052258563,0.0
83,83,0,0.0009927106,0.0
84,84,0,0.0016526899,0.0
85,85,0,0.0011356884,0.0
86,86,0,0.0011538118,0.0
87,87,0,0.07307749,0.0
88,88,1,0.50446737,1.0
89,89,0,0.15206242,0.0
90,90,0,0.1489282,0.0
91,91,0,0.0030042962,0.0
92,92,0,0.0012828044,0.0
93,93,1,0.70165175,1.0
94,94,0,0.0007966008,0.0
95,95,1,0.76890063,1.0
96,96,1,0.78863585,1.0
97,97,0,0.003359295,0.0
98,98,1,0.82178056,1.0
99,99,0,0.0017781304,0.0
100,100,0,0.0003620376,0.0
101,101,0,0.003379228,0.0
102,102,0,0.0010060052,0.0
103,103,0,0.0038863837,0.0
104,104,0,0.0011785224,0.0
105,105,0,0.0010400523,0.0
106,106,0,0.0048660217,0.0
107,107,0,0.0012447515,0.0
108,108,0,0.0055453973,0.0
109,109,0,0.104548715,0.0
110,110,0,0.00039788327,0.0
111,111,0,0.021221638,0.0
112,112,0,0.0027492165,0.0
113,113,0,0.0032935615,0.0
114,114,0,0.002248012,0.0
115,115,0,0.0023259872,0.0
116,116,0,0.001455578,0.0
117,117,0,0.0057679433,0.0
118,118,0,0.0068202773,0.0
119,119,0,0.0033917036,0.0
120,120,0,0.057641912,0.0
121,121,0,0.0027576706,0.0
122,122,0,0.0033659681,0.0
123,123,0,0.0020461688,0.0
124,124,0,0.23261103,0.0
125,125,0,0.0016531982,0.0
126,126,0,0.0016259018,0.0
127,127,0,0.0013973778,0.0
128,128,0,0.0023324229,0.0
129,129,0,0.0012837086,0.0
130,130,0,0.01201347,0.0
131,131,0,0.0025022726,0.0
132,132,0,0.0050012763,0.0
133,133,0,0.0019505059,0.0
134,134,0,0.0018866032,0.0
135,135,0,0.0011188156,0.0
136,136,1,0.81803244,1.0
137,137,0,0.0037543115,0.0
138,138,0,0.004088879,0.0
139,139,0,0.0047211614,0.0
140,140,0,0.0054286723,0.0
141,141,0,0.0046239146,0.0
142,142,0,0.012785939,0.0
143,143,0,0.0012688068,0.0
144,144,1,0.8513645,1.0
145,145,0,0.10512291,0.0
146,146,0,0.027404686,0.0
147,147,0,0.0021711788,0.0
148,148,0,0.0068434887,0.0
149,149,0,0.0037643672,0.0
150,150,0,0.0010910804,0.0
151,151,0,0.0017460883,0.0
152,152,1,0.6927984,1.0
153,153,0,0.009572193,0.0
154,154,0,0.008497605,0.0
155,155,0,0.08969583,0.0
156,156,0,0.0013714203,0.0
157,157,0,0.0020171201,0.0
158,158,0,0.026304659,0.0
159,159,0,0.24731156,0.0
160,160,0,0.00087171997,0.0
161,161,0,0.015562557,0.0
162,162,0,0.003923458,0.0
163,163,0,0.0015031531,0.0
164,164,0,0.002187389,0.0
165,165,0,0.010268155,0.0
166,166,0,0.016670186,0.0
167,167,0,0.0020175814,0.0
168,168,0,0.006774044,0.0
169,169,0,0.031905867,0.0
170,170,0,0.0019507637,0.0
171,171,0,0.07402357,0.0
172,172,1,0.6809796,1.0
173,173,0,0.0016888905,0.0
174,174,0,0.0050973743,0.0
175,175,0,0.0016429853,0.0
176,176,0,0.010400723,0.0
177,177,0,0.031028515,0.0
178,178,0,0.0011510745,0.0
179,179,0,0.0021875906,0.0
180,180,0,0.32089415,0.0
181,181,0,0.0022537645,0.0
182,182,0,0.0022228812,0.0
183,183,0,0.0054137902,0.0
184,184,0,0.000425881,0.0
185,185,0,0.0027669433,0.0
186,186,0,0.0027183178,0.0
187,187,0,0.0012828715,0.0
188,188,0,0.033642337,0.0
189,189,0,0.23708788,0.0
190,190,1,0.58670485,1.0
191,191,0,0.0011028734,0.0
192,192,0,0.0023416157,0.0
193,193,0,0.002109461,0.0
194,194,0,0.0012248188,0.0
195,195,0,0.0020737401,0.0
196,196,0,0.016031867,0.0
197,197,0,0.0012208668,0.0
198,198,0,0.00080934056,0.0
199,199,0,0.0016362481,0.0
200,200,0,0.0027741299,0.0
201,201,0,0.002173149,0.0
202,202,0,0.0032438245,0.0
203,203,0,0.0058385027,0.0
204,204,0,0.0020954602,0.0
205,205,0,0.0025479323,0.0
206,206,0,0.0025773407,0.0
207,207,0,0.008594297,0.0
208,208,0,0.0017776222,0.0
209,209,0,0.0033077158,0.0
210,210,0,0.0008848844,0.0
211,211,0,0.0076275794,0.0
212,212,0,0.0015008559,0.0
213,213,0,0.04892135,0.0
214,214,0,0.0028244874,0.0
215,215,0,0.0019878936,0.0
216,216,0,0.083784774,0.0
217,217,0,0.0022397651,0.0
218,218,0,0.0018334033,0.0
219,219,0,0.003010723,0.0
220,220,0,0.00083768263,0.0
221,221,0,0.0008845398,0.0
222,222,0,0.002682311,0.0
223,223,0,0.0021347476,0.0
224,224,0,0.0015152072,0.0
225,225,0,0.002247454,0.0
226,226,0,0.10038525,0.0
227,227,0,0.00245933,0.0
228,228,0,0.0013846228,0.0
229,229,0,0.0038692255,0.0
230,230,0,0.00068973145,0.0
231,231,0,0.0012516296,0.0
232,232,0,0.010093993,0.0
233,233,0,0.107474364,0.0
234,234,0,0.071714096,0.0
235,235,1,0.63803875,1.0
236,236,1,0.8658045,1.0
237,237,0,0.0022757198,0.0
238,238,0,0.0022823247,0.0
239,239,0,0.0018284528,0.0
240,240,0,0.0014501788,0.0
241,241,0,0.108715095,0.0
242,242,0,0.00052575645,0.0
243,243,0,0.002555978,0.0
244,244,0,0.0014617435,0.0
245,245,0,0.0012967798,0.0
246,246,0,0.0032498457,0.0
247,247,0,0.0028157916,0.0
248,248,0,0.0033725551,0.0
249,249,0,0.0024682633,0.0
250,250,0,0.002101288,0.0
251,251,0,0.010715888,0.0
252,252,0,0.043468516,0.0
253,253,0,0.0036833216,0.0
254,254,0,0.0041703735,0.0
255,255,0,0.0028472778,0.0
256,256,0,0.0018330474,0.0
257,257,0,0.0014700929,0.0
258,258,0,0.007291585,0.0
259,259,0,0.0007784322,0.0
260,260,0,0.17085713,0.0
261,261,0,0.0017032607,0.0
262,262,1,0.63114715,1.0
263,263,0,0.029853418,0.0
264,264,0,0.010111069,0.0
265,265,0,0.0017661253,0.0
266,266,0,0.0011384899,0.0
267,267,0,0.024341391,0.0
268,268,0,0.029505083,0.0
269,269,0,0.0023898487,0.0
270,270,0,0.0006344646,0.0
271,271,0,0.2705354,0.0
272,272,0,0.0007692751,0.0
273,273,0,0.0018156127,0.0
274,274,0,0.0049745585,0.0
275,275,0,0.0016508255,0.0
276,276,0,0.12755999,0.0
277,277,0,0.001538298,0.0
278,278,0,0.024437727,0.0
279,279,0,0.10735236,0.0
280,280,0,0.0019617106,0.0
281,281,0,0.06061113,0.0
282,282,0,0.0025210474,0.0
283,283,0,0.002431747,0.0
284,284,0,0.00081200094,0.0
285,285,0,0.0013937373,0.0
286,286,0,0.0013393803,0.0
287,287,0,0.032030486,0.0
288,288,0,0.004297404,0.0
289,289,0,0.0014008867,0.0
290,290,0,0.01615075,0.0
291,291,0,0.0006808938,0.0
292,292,0,0.46590233,0.0
293,293,0,0.012673661,0.0
294,294,0,0.0025831661,0.0
295,295,1,0.604688,1.0
296,296,0,0.05069344,0.0
297,297,0,0.0018021166,0.0
298,298,0,0.0045996904,0.0
299,299,0,0.0023490912,0.0
300,300,0,0.0021890788,0.0
301,301,1,0.5127094,1.0
302,302,0,0.0027566366,0.0
303,303,0,0.00816007,0.0
304,304,1,0.91773826,1.0
305,305,0,0.002049683,0.0
306,306,0,0.002034099,0.0
307,307,0,0.0034284196,0.0
308,308,0,0.46474966,0.0
309,309,0,0.0017280616,0.0
310,310,0,0.0018119274,0.0
311,311,0,0.0015946513,0.0
312,312,0,0.0016789759,0.0
313,313,1,0.7308996,1.0
314,314,0,0.0013912776,0.0
315,315,0,0.0025015355,0.0
316,316,0,0.39437765,0.0
317,317,0,0.0014057762,0.0
318,318,0,0.0010331945,0.0
319,319,0,0.0022323108,0.0
320,320,0,0.0017594143,0.0
321,321,0,0.021935893,0.0
322,322,0,0.0018431165,0.0
323,323,0,0.015495452,0.0
324,324,0,0.0008531276,0.0
325,325,0,0.001106238,0.0
326,326,0,0.0005789512,0.0
327,327,0,0.0014739422,0.0
328,328,0,0.0033186674,0.0
329,329,0,0.0012911132,0.0
330,330,0,0.0026873904,0.0
331,331,0,0.03460389,0.0
332,332,0,0.0010603243,0.0
333,333,0,0.012926306,0.0
334,334,1,0.83958817,1.0
335,335,0,0.0025540157,0.0
336,336,0,0.0014225995,0.0
337,337,0,0.00076232466,0.0
338,338,0,0.0020736647,0.0
339,339,0,0.3653546,0.0
340,340,0,0.0011289595,0.0
341,341,0,0.0012849079,0.0
342,342,0,0.31799534,0.0
343,343,0,0.0023134446,0.0
344,344,1,0.64969134,1.0
345,345,0,0.0015671207,0.0
346,346,0,0.041893773,0.0
347,347,0,0.0010688731,0.0
348,348,0,0.0024296702,0.0
349,349,0,0.04850202,0.0
350,350,1,0.79427177,1.0
351,351,0,0.002736345,0.0
352,352,0,0.15275225,0.0
353,353,0,0.0007195528,0.0
354,354,0,0.0027597724,0.0
355,355,0,0.013244599,0.0
356,356,0,0.11224769,0.0
357,357,0,0.002467901,0.0
358,358,1,0.8166623,1.0
359,359,0,0.0015223612,0.0
360,360,0,0.0012628319,0.0
361,361,1,0.9126507,1.0
362,362,0,0.0019493293,0.0
363,363,0,0.001260351,0.0
364,364,0,0.002369844,0.0
365,365,0,0.0014025941,0.0
366,366,0,0.005406714,0.0
367,367,0,0.0022666163,0.0
368,368,0,0.008149298,0.0
369,369,0,0.00064215914,0.0
370,370,0,0.002914641,0.0
371,371,0,0.0020589405,0.0
372,372,0,0.00590391,0.0
373,373,0,0.0015178522,0.0
374,374,0,0.2831535,0.0
375,375,0,0.0020053447,0.0
376,376,0,0.00064193347,0.0
377,377,0,0.0019912235,0.0
378,378,1,0.86789477,1.0
379,379,0,0.0021914947,0.0
380,380,0,0.0017280765,0.0
381,381,0,0.020402884,0.0
382,382,0,0.0013052685,0.0
383,383,0,0.0027784104,0.0
384,384,0,0.0015183581,0.0
385,385,0,0.003644593,0.0
386,386,0,0.001011892,0.0
387,387,0,0.0018216586,0.0
388,388,0,0.001083953,0.0
389,389,0,0.006593539,0.0
390,390,0,0.0022287902,0.0
391,391,0,0.0012090033,0.0
392,392,0,0.0068125306,0.0
393,393,0,0.22130036,0.0
394,394,0,0.0033514493,0.0
395,395,0,0.05210355,0.0
396,396,0,0.0013598826,0.0
397,397,0,0.008983612,0.0
398,398,0,0.008963752,0.0
399,399,0,0.033454217,0.0
400,400,0,0.0022162248,0.0
401,401,0,0.0029353052,0.0
402,402,0,0.0021146045,0.0
403,403,0,0.0029009655,0.0
404,404,0,0.0027293407,0.0
405,405,0,0.002102212,0.0
406,406,0,0.0091100205,0.0
407,407,0,0.0015319816,0.0
408,408,0,0.0012481901,0.0
409,409,0,0.0032402272,0.0
410,410,0,0.014345458,0.0
411,411,0,0.0010807961,0.0
412,412,0,0.004552898,0.0
413,413,0,0.0060448074,0.0
414,414,0,0.0014411403,0.0
415,415,0,0.13167736,0.0
416,416,0,0.0010676987,0.0
417,417,0,0.003444127,0.0
418,418,0,0.0011996237,0.0
419,419,0,0.0044084536,0.0
420,420,0,0.02922664,0.0
421,421,0,0.3449151,0.0
422,422,0,0.0016217509,0.0
423,423,0,0.0035411194,0.0
424,424,0,0.002216649,0.0
425,425,0,0.09407361,0.0
426,426,0,0.0030381153,0.0
427,427,0,0.0037590195,0.0
428,428,0,0.0029004943,0.0
429,429,0,0.0025625355,0.0
430,430,0,0.004981405,0.0
431,431,0,0.0023559332,0.0
432,432,0,0.0005869849,0.0
433,433,0,0.003368749,0.0
434,434,0,0.005386063,0.0
435,435,0,0.001570493,0.0
436,436,0,0.0012004835,0.0
437,437,0,0.0016749986,0.0
438,438,0,0.0021344237,0.0
439,439,0,0.3853079,0.0
440,440,0,0.0020956593,0.0
441,441,0,0.0015303094,0.0
442,442,0,0.0024999795,0.0
443,443,0,0.36808532,0.0
444,444,1,0.5760167,1.0
445,445,1,0.7798684,1.0
446,446,0,0.06347601,0.0
447,447,0,0.0019782488,0.0
448,448,0,0.0043103592,0.0
449,449,0,0.0006570361,0.0
450,450,0,0.013621172,0.0
451,451,0,0.0011798805,0.0
452,452,0,0.002596079,0.0
453,453,0,0.001727301,0.0
454,454,0,0.0068144565,0.0
455,455,0,0.0028982838,0.0
456,456,0,0.0028615207,0.0
457,457,0,0.0018342936,0.0
458,458,0,0.0028058032,0.0
459,459,0,0.0024917794,0.0
460,460,0,0.006987697,0.0
461,461,1,0.68780625,1.0
462,462,0,0.00122952,0.0
463,463,0,0.00800384,0.0
464,464,0,0.0012181023,0.0
465,465,0,0.0004621915,0.0
466,466,0,0.0013559617,0.0
467,467,0,0.006796236,0.0
468,468,0,0.002204615,0.0
469,469,0,0.01897759,0.0
470,470,0,0.0023124428,0.0
471,471,0,0.0031931095,0.0
472,472,0,0.0016843326,0.0
473,473,0,0.002881857,0.0
474,474,0,0.0032296479,0.0
475,475,0,0.0010672568,0.0
476,476,0,0.0013897965,0.0
477,477,0,0.009015679,0.0
478,478,1,0.7308994,1.0
479,479,0,0.0007687279,0.0
480,480,0,0.0017996535,0.0
481,481,0,0.044932086,0.0
482,482,0,0.001712344,0.0
483,483,0,0.14837296,0.0
484,484,0,0.0013722513,0.0
485,485,1,0.8403994,1.0
486,486,0,0.0022374843,0.0
487,487,0,0.009790014,0.0
488,488,0,0.0012136848,0.0
489,489,0,0.0015989051,0.0
490,490,0,0.0017044081,0.0
491,491,0,0.003365452,0.0
492,492,0,0.08784817,0.0
493,493,0,0.014197555,0.0
494,494,0,0.00091542193,0.0
495,495,0,0.002041846,0.0
496,496,0,0.0018682802,0.0
497,497,0,0.40323943,0.0
498,498,0,0.0021497651,0.0
499,499,0,0.0013569777,0.0
500,500,0,0.0030397284,0.0
501,501,0,0.0017984465,0.0
502,502,0,0.06711413,0.0
503,503,0,0.002391123,0.0
504,504,0,0.0010449293,0.0
505,505,0,0.0019001039,0.0
506,506,0,0.002881311,0.0
507,507,0,0.0014699809,0.0
508,508,0,0.0015755603,0.0
509,509,0,0.001046263,0.0
510,510,0,0.0030208323,0.0
511,511,0,0.0024956553,0.0
512,512,0,0.014055642,0.0
513,513,0,0.0019150637,0.0
514,514,0,0.03216965,0.0
515,515,0,0.00067741796,0.0
516,516,0,0.0157567,0.0
517,517,0,0.0011868315,0.0
518,518,0,0.020632159,0.0
519,519,0,0.0020280252,0.0
520,520,0,0.0067037256,0.0
521,521,0,0.002623285,0.0
522,522,0,0.0011332182,0.0
523,523,0,0.0006350216,0.0
524,524,0,0.00632291,0.0
525,525,1,0.7057971,1.0
526,526,0,0.0031770722,0.0
527,527,0,0.0013435585,0.0
528,528,0,0.0032895152,0.0
529,529,0,0.0025441,0.0
530,530,0,0.085732,0.0
531,531,0,0.00061456877,0.0
532,532,0,0.001295344,0.0
533,533,0,0.031897176,0.0
534,534,0,0.0010742152,0.0
535,535,0,0.0010891797,0.0
536,536,0,0.027210748,0.0
537,537,0,0.0017661983,0.0
538,538,0,0.0018406261,0.0
539,539,0,0.001584946,0.0
540,540,0,0.0016397731,0.0
541,541,0,0.007935122,0.0
542,542,0,0.002535719,0.0
543,543,0,0.0019266743,0.0
544,544,0,0.015511351,0.0
545,545,0,0.0015365721,0.0
546,546,0,0.4456756,0.0
547,547,0,0.0021973033,0.0
548,548,0,0.0014033151,0.0
549,549,0,0.0037732073,0.0
550,550,0,0.0004791851,0.0
551,551,0,0.00026744104,0.0
552,552,0,0.0007500551,0.0
553,553,0,0.01523198,0.0
554,554,0,0.00067796087,0.0
555,555,0,0.007118772,0.0
556,556,0,0.0022159487,0.0
557,557,0,0.0009508794,0.0
558,558,0,0.00111841,0.0
559,559,0,0.0021257955,0.0
560,560,0,0.00403498,0.0
561,561,0,0.0027360937,0.0
562,562,0,0.0031401063,0.0
563,563,0,0.0010063848,0.0
564,564,0,0.001619628,0.0
565,565,0,0.0043754773,0.0
566,566,0,0.0012434674,0.0
567,567,0,0.00079847255,0.0
568,568,0,0.015338996,0.0
569,569,0,0.011251287,0.0
570,570,0,0.0013586311,0.0
571,571,0,0.0016262311,0.0
572,572,0,0.025425708,0.0
573,573,0,0.017814364,0.0
574,574,0,0.0015032863,0.0
575,575,0,0.0009870101,0.0
576,576,0,0.0045262678,0.0
577,577,0,0.0023860703,0.0
578,578,0,0.0014988662,0.0
579,579,0,0.122375906,0.0
580,580,0,0.00159856,0.0
581,581,0,0.00218303,0.0
582,582,0,0.06825669,0.0
583,583,0,0.009043546,0.0
584,584,0,0.0048612286,0.0
585,585,0,0.000539642,0.0
586,586,0,0.0026711756,0.0
587,587,0,0.0024160333,0.0
588,588,0,0.0012899122,0.0
589,589,0,0.030685734,0.0
590,590,0,0.000947497,0.0
591,591,0,0.0068985797,0.0
592,592,0,0.27057368,0.0
593,593,0,0.0010358139,0.0
594,594,0,0.0015849667,0.0
595,595,0,0.0022998382,0.0
596,596,0,0.0023900033,0.0
597,597,0,0.002186903,0.0
598,598,0,0.0019696758,0.0
599,599,0,0.006625154,0.0
600,600,0,0.0012733496,0.0
601,601,1,0.6426011,1.0
602,602,0,0.059870195,0.0
603,603,0,0.0042683342,0.0
604,604,0,0.002136704,0.0
605,605,0,0.012110209,0.0
606,606,0,0.0047268323,0.0
607,607,0,0.35992467,0.0
608,608,0,0.05703467,0.0
609,609,0,0.013335672,0.0
610,610,0,0.009018626,0.0
611,611,0,0.022060275,0.0
612,612,0,0.00081352034,0.0
613,613,0,0.0012608607,0.0
614,614,0,0.00054425787,0.0
615,615,0,0.007830872,0.0
616,616,0,0.43100023,0.0
617,617,0,0.02363155,0.0
618,618,0,0.002107414,0.0
619,619,0,0.023415778,0.0
620,620,1,0.734697,1.0
621,621,0,0.0012407799,0.0
622,622,0,0.0024311815,0.0
623,623,0,0.0013035511,0.0
624,624,0,0.0012913821,0.0
625,625,0,0.0013259619,0.0
626,626,0,0.0019088195,0.0
627,627,0,0.007772874,0.0
628,628,1,0.7387538,1.0
629,629,0,0.0020274136,0.0
630,630,0,0.0027903926,0.0
631,631,0,0.0025171447,0.0
632,632,0,0.001601238,0.0
633,633,0,0.3700089,0.0
634,634,0,0.0020587961,0.0
635,635,0,0.0014657947,0.0
636,636,0,0.0041294005,0.0
637,637,0,0.0009365223,0.0
638,638,0,0.0063793184,0.0
639,639,0,0.0014118638,0.0
640,640,0,0.002866376,0.0
641,641,0,0.002102632,0.0
642,642,0,0.0029728315,0.0
643,643,0,0.052720673,0.0
644,644,0,0.00064410537,0.0
645,645,0,0.0011729831,0.0
646,646,0,0.0019532188,0.0
647,647,0,0.001545192,0.0
648,648,0,0.10474245,0.0
649,649,0,0.0030260538,0.0
650,650,0,0.0015580205,0.0
651,651,0,0.0013317985,0.0
652,652,0,0.0010571041,0.0
653,653,0,0.0024199367,0.0
654,654,0,0.13994563,0.0
655,655,0,0.0015416804,0.0
656,656,0,0.0029335856,0.0
657,657,0,0.0015152534,0.0
658,658,0,0.001005847,0.0
659,659,0,0.003966975,0.0
660,660,0,0.0013236009,0.0
661,661,0,0.00250729,0.0
662,662,0,0.0017256106,0.0
663,663,0,0.046191264,0.0
664,664,1,0.57656556,1.0
665,665,0,0.29158187,0.0
666,666,0,0.035544246,0.0
667,667,0,0.0019527357,0.0
668,668,0,0.038583655,0.0
669,669,0,0.028387194,0.0
670,670,0,0.031923532,0.0
671,671,0,0.05508277,0.0
672,672,0,0.004255604,0.0
673,673,0,0.10885887,0.0
674,674,0,0.0013422851,0.0
675,675,0,0.0014010366,0.0
676,676,0,0.0012762381,0.0
677,677,0,0.0010121862,0.0
678,678,0,0.085590206,0.0
679,679,0,0.002817458,0.0
680,680,0,0.004231351,0.0
681,681,0,0.0007866073,0.0
682,682,0,0.0018098407,0.0
683,683,0,0.004862391,0.0
684,684,0,0.0020743685,0.0
685,685,0,0.051707543,0.0
686,686,0,0.017934686,0.0
687,687,0,0.02575307,0.0
688,688,0,0.001378522,0.0
689,689,0,0.0020222438,0.0
690,690,0,0.0014053069,0.0
691,691,0,0.016761614,0.0
692,692,0,0.0023593332,0.0
693,693,0,0.001806961,0.0
694,694,0,0.006667752,0.0
695,695,1,0.669174,1.0
696,696,0,0.36255518,0.0
697,697,0,0.17808977,0.0
698,698,0,0.17608154,0.0
699,699,0,0.12266612,0.0
700,700,0,0.0017865129,0.0
701,701,0,0.0022496947,0.0
702,702,0,0.0029231287,0.0
703,703,0,0.0021678042,0.0
704,704,0,0.0004134755,0.0
705,705,1,0.91578215,1.0
706,706,1,0.6255185,1.0
707,707,0,0.013589973,0.0
708,708,0,0.0033145845,0.0
709,709,0,0.0009472837,0.0
710,710,0,0.0015236485,0.0
711,711,0,0.10093125,0.0
712,712,0,0.05871998,0.0
713,713,1,0.82781345,1.0
714,714,0,0.001147834,0.0
715,715,0,0.0028890134,0.0
716,716,0,0.0022253727,0.0
717,717,0,0.003428538,0.0
718,718,0,0.0018345605,0.0
719,719,0,0.0014365666,0.0
720,720,1,0.6086517,1.0
721,721,0,0.24103639,0.0
722,722,0,0.001757003,0.0
723,723,1,0.73178655,1.0
724,724,0,0.0035651058,0.0
725,725,0,0.0014883494,0.0
726,726,0,0.00065718516,0.0
727,727,0,0.0017304157,0.0
728,728,0,0.002246831,0.0
729,729,0,0.0016532617,0.0
730,730,0,0.0011980649,0.0
731,731,0,0.12890613,0.0
732,732,0,0.0049341046,0.0
733,733,0,0.0011845458,0.0
734,734,0,0.0018704642,0.0
735,735,0,0.0106512625,0.0
736,736,0,0.0028122168,0.0
737,737,0,0.22862501,0.0
738,738,0,0.004878783,0.0
739,739,0,0.0014518372,0.0
740,740,0,0.0021824862,0.0
741,741,1,0.48196754,0.0
742,742,0,0.001336053,0.0
743,743,0,0.0025783856,0.0
744,744,0,0.0009504004,0.0
745,745,0,0.004817483,0.0
746,746,0,0.025045127,0.0
747,747,0,0.0005004256,0.0
748,748,0,0.0015705926,0.0
749,749,0,0.020867687,0.0
750,750,0,0.014766234,0.0
751,751,0,0.0013725951,0.0
752,752,0,0.0021876253,0.0
753,753,0,0.016750637,0.0
754,754,0,0.0018286749,0.0
755,755,0,0.019457977,0.0
756,756,0,0.013772232,0.0
757,757,0,0.010439547,0.0
758,758,0,0.00024624824,0.0
759,759,1,0.7596553,1.0
760,760,0,0.002231015,0.0
761,761,0,0.0013523698,0.0
762,762,0,0.0008368936,0.0
763,763,0,0.0015405217,0.0
764,764,0,0.0014637525,0.0
765,765,0,0.0010957237,0.0
766,766,0,0.0054100426,0.0
767,767,0,0.0049201236,0.0
768,768,0,0.015262601,0.0
769,769,1,0.8118741,1.0
770,770,0,0.0011497418,0.0
771,771,0,0.010296712,0.0
772,772,0,0.0032602432,0.0
773,773,0,0.0015379827,0.0
774,774,0,0.0018818977,0.0
775,775,0,0.0049235113,0.0
776,776,0,0.026852077,0.0
777,777,0,0.0030249213,0.0
778,778,0,0.0016110499,0.0
779,779,0,0.0013198616,0.0
780,780,0,0.0023603097,0.0
781,781,1,0.6669014,1.0
782,782,0,0.003368911,0.0
783,783,0,0.00066677586,0.0
784,784,0,0.48907763,0.0
785,785,0,0.0504995,0.0
786,786,0,0.009982487,0.0
787,787,0,0.0026704352,0.0
788,788,0,0.003219875,0.0
789,789,0,0.0013107483,0.0
790,790,0,0.004179962,0.0
791,791,0,0.002631495,0.0
792,792,0,0.068909764,0.0
793,793,0,0.0018508222,0.0
794,794,0,0.00084788,0.0
795,795,0,0.0034030539,0.0
796,796,0,0.0025430638,0.0
797,797,0,0.004486686,0.0
798,798,0,0.0031974618,0.0
799,799,0,0.0014794762,0.0
800,800,0,0.00062114355,0.0
801,801,0,0.01016714,0.0
802,802,0,0.038333382,0.0
803,803,0,0.0018348837,0.0
804,804,0,0.0011427363,0.0
805,805,0,0.0030035588,0.0
806,806,1,0.65033233,1.0
807,807,0,0.0005310612,0.0
808,808,0,0.0134918615,0.0
809,809,0,0.09557326,0.0
810,810,0,0.005706438,0.0
811,811,0,0.0033164776,0.0
812,812,0,0.0024017238,0.0
813,813,0,0.0018154591,0.0
814,814,0,0.0019728797,0.0
815,815,0,0.002888937,0.0
816,816,0,0.0007521033,0.0
817,817,0,0.0015264957,0.0
818,818,0,0.0031436682,0.0
819,819,0,0.0023006748,0.0
820,820,0,0.002471543,0.0
821,821,0,0.0019494031,0.0
822,822,0,0.0017163383,0.0
823,823,0,0.0016401947,0.0
824,824,0,0.0026389193,0.0
825,825,0,0.002130314,0.0
826,826,0,0.0021004244,0.0
827,827,0,0.00079748017,0.0
828,828,0,0.00052829174,0.0
829,829,0,0.0014039348,0.0
830,830,1,0.48900127,0.0
831,831,0,0.00694357,0.0
832,832,0,0.0013904786,0.0
833,833,0,0.0031330816,0.0
834,834,0,0.018902814,0.0
835,835,0,0.0025194637,0.0
836,836,0,0.0023786873,0.0
837,837,0,0.0071425014,0.0
838,838,0,0.083991356,0.0
839,839,0,0.005348941,0.0
840,840,0,0.0045975205,0.0
841,841,0,0.0024565076,0.0
842,842,0,0.002129558,0.0
843,843,0,0.005753646,0.0
844,844,0,0.0011760027,0.0
845,845,0,0.0006922813,0.0
846,846,0,0.0016507339,0.0
847,847,0,0.000885784,0.0
848,848,0,0.003023415,0.0
849,849,0,0.0077143693,0.0
850,850,0,0.0024109965,0.0
851,851,0,0.06669073,0.0
852,852,0,0.001997789,0.0
853,853,0,0.002547881,0.0
854,854,0,0.0038269933,0.0
855,855,0,0.055842616,0.0
856,856,0,0.0023918883,0.0
857,857,0,0.0013668702,0.0
858,858,0,0.0014718162,0.0
859,859,0,0.3190422,0.0
860,860,0,0.0020411792,0.0
861,861,0,0.0020457946,0.0
862,862,0,0.06394044,0.0
863,863,0,0.0016684476,0.0
864,864,0,0.0025719265,0.0
865,865,0,0.00087220053,0.0
866,866,0,0.001084885,0.0
867,867,0,0.0030859294,0.0
868,868,0,0.0013724389,0.0
869,869,0,0.011450798,0.0
870,870,1,0.54600394,1.0
871,871,0,0.048695736,0.0
872,872,0,0.0032682796,0.0
873,873,0,0.017953487,0.0
874,874,0,0.0008948847,0.0
875,875,0,0.0014418641,0.0
876,876,1,0.6560949,1.0
877,877,0,0.0023082609,0.0
878,878,0,0.0006371537,0.0
879,879,0,0.010946936,0.0
880,880,0,0.13889268,0.0
881,881,0,0.004821973,0.0
882,882,0,0.0018734221,0.0
883,883,0,0.0021763993,0.0
884,884,0,0.008056862,0.0
885,885,0,0.015771622,0.0
886,886,0,0.012272136,0.0
887,887,0,0.0021547074,0.0
888,888,0,0.023504192,0.0
889,889,0,0.0025635778,0.0
890,890,0,0.0034032785,0.0
891,891,0,0.004566072,0.0
892,892,0,0.0016831157,0.0
893,893,0,0.024266167,0.0
894,894,1,0.5336825,1.0
895,895,0,0.0014840597,0.0
896,896,0,0.0024794824,0.0
897,897,0,0.00191478,0.0
898,898,0,0.0040909834,0.0
899,899,0,0.041761708,0.0
900,900,1,0.62637204,1.0
901,901,0,0.04355245,0.0
902,902,0,0.01694057,0.0
903,903,0,0.057742227,0.0
904,904,0,0.08256765,0.0
905,905,0,0.01361095,0.0
906,906,0,0.0021469868,0.0
907,907,0,0.036998637,0.0
908,908,0,0.0028897976,0.0
909,909,0,0.0031480186,0.0
910,910,0,0.00145005,0.0
911,911,0,0.0013597738,0.0
912,912,0,0.00202696,0.0
913,913,0,0.0039494955,0.0
914,914,0,0.0019393153,0.0
915,915,0,0.0015689714,0.0
916,916,0,0.0018582369,0.0
917,917,0,0.0060388925,0.0
918,918,0,0.08495341,0.0
919,919,0,0.00083502725,0.0
920,920,0,0.0026600347,0.0
921,921,0,0.0013617625,0.0
922,922,0,0.0025868847,0.0
923,923,0,0.31395948,0.0
924,924,0,0.01206396,0.0
925,925,0,0.0025083127,0.0
926,926,0,0.0015429494,0.0
927,927,0,0.013498202,0.0
928,928,0,0.025486628,0.0
929,929,0,0.002309233,0.0
930,930,0,0.0026679626,0.0
931,931,0,0.0014948184,0.0
932,932,0,0.0010459641,0.0
933,933,0,0.0758201,0.0
934,934,0,0.0010430502,0.0
935,935,0,0.0071804533,0.0
936,936,0,0.002219765,0.0
937,937,0,0.0054526725,0.0
938,938,0,0.0014615664,0.0
939,939,0,0.0015486697,0.0
940,940,0,0.0015078124,0.0
941,941,0,0.0026008869,0.0
942,942,0,0.002164914,0.0
943,943,0,0.001809435,0.0
944,944,1,0.6372433,1.0
945,945,0,0.0013201234,0.0
946,946,0,0.0014209751,0.0
947,947,0,0.00047866124,0.0
948,948,0,0.0004467335,0.0
949,949,0,0.0025372328,0.0
950,950,0,0.001813281,0.0
951,951,0,0.234834,0.0
952,952,0,0.0037224249,0.0
953,953,0,0.007898067,0.0
954,954,0,0.0018953638,0.0
955,955,0,0.0015328159,0.0
956,956,0,0.003218832,0.0
957,957,0,0.0072111776,0.0
958,958,0,0.001201747,0.0
959,959,0,0.0034188167,0.0
960,960,0,0.00067191373,0.0
961,961,0,0.0019632366,0.0
962,962,0,0.35712275,0.0
963,963,0,0.002978525,0.0
964,964,0,0.0016219303,0.0
965,965,0,0.0018793878,0.0
966,966,0,0.004253044,0.0
967,967,0,0.0011193295,0.0
968,968,1,0.8205615,1.0
969,969,0,0.009201193,0.0
970,970,0,0.06471063,0.0
971,971,0,0.013908224,0.0
972,972,0,0.0012796348,0.0
973,973,0,0.0023248487,0.0
974,974,0,0.008108458,0.0
975,975,0,0.0026488071,0.0
976,976,0,0.0010849297,0.0
977,977,0,0.0018953409,0.0
978,978,0,0.00183309,0.0
979,979,0,0.0019638021,0.0
980,980,0,0.0017065231,0.0
981,981,0,0.0008619054,0.0
982,982,0,0.0038256578,0.0
983,983,0,0.0035420582,0.0
984,984,1,0.62052375,1.0
985,985,0,0.027406538,0.0
986,986,0,0.0151011,0.0
987,987,0,0.0021982584,0.0
988,988,1,0.86121905,1.0
989,989,0,0.1641876,0.0
990,990,0,0.0068611414,0.0
991,991,0,0.0014518982,0.0
992,992,0,0.0017802799,0.0
993,993,0,0.0033121444,0.0
994,994,0,0.12493,0.0
995,995,1,0.8295827,1.0
996,996,0,0.11735134,0.0
997,997,0,0.0012332585,0.0
998,998,0,0.0008238811,0.0
999,999,0,0.0023334369,0.0
1000,1000,0,0.001860216,0.0
1001,1001,0,0.0025588537,0.0
1002,1002,0,0.0013267597,0.0
1003,1003,0,0.00093856035,0.0
1004,1004,0,0.0018311016,0.0
1005,1005,0,0.0014253395,0.0
1006,1006,0,0.0022148546,0.0
1007,1007,0,0.0094397245,0.0
1008,1008,0,0.007989757,0.0
1009,1009,0,0.010205373,0.0
1010,1010,0,0.08302456,0.0
1011,1011,0,0.044387545,0.0
1012,1012,0,0.005274981,0.0
1013,1013,0,0.00042081793,0.0
1014,1014,0,0.0023223902,0.0
1015,1015,0,0.0019860982,0.0
1016,1016,0,0.0041950294,0.0
1017,1017,0,0.011322119,0.0
1018,1018,0,0.0035208552,0.0
1019,1019,0,0.10014777,0.0
1020,1020,0,0.0018294895,0.0
1021,1021,0,0.0010609363,0.0
1022,1022,0,0.0029144934,0.0
1023,1023,0,0.0017429052,0.0
1024,1024,0,0.026027162,0.0
1025,1025,0,0.021949362,0.0
1026,1026,0,0.0017697843,0.0
1027,1027,0,0.001768504,0.0
1028,1028,0,0.0017460134,0.0
1029,1029,0,0.011237764,0.0
1030,1030,0,0.00053864875,0.0
1031,1031,0,0.011074031,0.0
1032,1032,0,0.0018384749,0.0
1033,1033,0,0.0017183566,0.0
1034,1034,0,0.0026887509,0.0
1035,1035,0,0.0029577448,0.0
1036,1036,0,0.0029625345,0.0
1037,1037,1,0.62739366,1.0
1038,1038,0,0.0016136428,0.0
1039,1039,0,0.004266974,0.0
1040,1040,0,0.0013722938,0.0
1041,1041,0,0.003601893,0.0
1042,1042,0,0.002537553,0.0
1043,1043,0,0.0022759722,0.0
1044,1044,0,0.0014077012,0.0
1045,1045,0,0.0031377182,0.0
1046,1046,0,0.0020624476,0.0
1047,1047,0,0.010169858,0.0
1048,1048,0,0.0016801127,0.0
1049,1049,0,0.0025393018,0.0
1050,1050,0,0.0027643978,0.0
1051,1051,0,0.0019074709,0.0
1052,1052,0,0.0024392158,0.0
1053,1053,0,0.0051538963,0.0
1054,1054,0,0.016393736,0.0
1055,1055,0,0.16623315,0.0
1056,1056,0,0.005066294,0.0
1057,1057,0,0.0015646626,0.0
1058,1058,0,0.0027645552,0.0
1059,1059,0,0.26576212,0.0
1060,1060,0,0.0017238099,0.0
1061,1061,0,0.0013550436,0.0
1062,1062,0,0.0011805802,0.0
1063,1063,0,0.010844832,0.0
1064,1064,0,0.002230666,0.0
1065,1065,0,0.0012266722,0.0
1066,1066,0,0.0041403812,0.0
1067,1067,0,0.002399367,0.0
1068,1068,1,0.75713414,1.0
1069,1069,0,0.00907247,0.0
1070,1070,0,0.005574697,0.0
1071,1071,0,0.0036897883,0.0
1072,1072,0,0.0020620674,0.0
1073,1073,0,0.0015569299,0.0
1074,1074,0,0.0014308599,0.0
1075,1075,0,0.17016456,0.0
1076,1076,1,0.68438935,1.0
1077,1077,0,0.00059858506,0.0
1078,1078,0,0.008370502,0.0
1079,1079,1,0.67543787,1.0
1080,1080,0,0.00089169835,0.0
1081,1081,1,0.592232,1.0
1082,1082,0,0.00074852514,0.0
1083,1083,0,0.06305092,0.0
1084,1084,0,0.012221188,0.0
1085,1085,0,0.03804673,0.0
1086,1086,0,0.00085546693,0.0
1087,1087,0,0.036154233,0.0
1088,1088,0,0.0022036484,0.0
1089,1089,0,0.016950857,0.0
1090,1090,0,0.0013717611,0.0
1091,1091,1,0.74838394,1.0
1092,1092,0,0.0020756272,0.0
1093,1093,0,0.07187394,0.0
1094,1094,0,0.013207652,0.0
1095,1095,0,0.0028491043,0.0
1096,1096,0,0.0013007163,0.0
1097,1097,0,0.0007892231,0.0
1098,1098,0,0.00053175417,0.0
1099,1099,0,0.013100484,0.0
1100,1100,0,0.0013010476,0.0
1101,1101,0,0.0020295628,0.0
1102,1102,0,0.061818123,0.0
1103,1103,0,0.04962955,0.0
1104,1104,0,0.010066967,0.0
1105,1105,0,0.0025096475,0.0
1106,1106,0,0.00147835,0.0
1107,1107,0,0.0009282585,0.0
1108,1108,0,0.01678804,0.0
1109,1109,0,0.0026640259,0.0
1110,1110,0,0.0017778061,0.0
1111,1111,0,0.0012808142,0.0
1112,1112,0,0.0041946284,0.0
1113,1113,0,0.0057138065,0.0
1114,1114,0,0.0014183695,0.0
1115,1115,1,0.56979805,1.0
1116,1116,0,0.0027079093,0.0
1117,1117,0,0.00062113744,0.0
1118,1118,0,0.10775336,0.0
1119,1119,0,0.06125927,0.0
1120,1120,0,0.003226289,0.0
1121,1121,0,0.0025193782,0.0
1122,1122,0,0.0051520164,0.0
1123,1123,0,0.017578077,0.0
1124,1124,1,0.66279614,1.0
1125,1125,0,0.0019664313,0.0
1126,1126,0,0.0014583969,0.0
1127,1127,0,0.0019240465,0.0
1128,1128,0,0.010370413,0.0
1129,1129,0,0.002500331,0.0
1130,1130,0,0.0030687395,0.0
1131,1131,0,0.0024236937,0.0
1132,1132,1,0.70065624,1.0
1133,1133,0,0.0015957167,0.0
1134,1134,0,0.002626779,0.0
1135,1135,0,0.0015333726,0.0
1136,1136,0,0.0020569484,0.0
1137,1137,0,0.002010434,0.0
1138,1138,0,0.0016117597,0.0
1139,1139,0,0.0013219991,0.0
1140,1140,0,0.03997752,0.0
1141,1141,0,0.040014606,0.0
1142,1142,0,0.0024729539,0.0
1143,1143,0,0.0018070923,0.0
1144,1144,0,0.0013000835,0.0
1145,1145,0,0.014895129,0.0
1146,1146,0,0.0019032236,0.0
1147,1147,0,0.002323642,0.0
1148,1148,0,0.055911254,0.0
1149,1149,0,0.0018384414,0.0
1150,1150,0,0.0010558611,0.0
1151,1151,0,0.016068678,0.0
1152,1152,0,0.0037889027,0.0
1153,1153,0,0.0011390552,0.0
1154,1154,0,0.0013854867,0.0
1155,1155,0,0.0008856845,0.0
1156,1156,0,0.0009232309,0.0
1157,1157,0,0.0016524165,0.0
1158,1158,0,0.0014024831,0.0
1159,1159,0,0.0050250436,0.0
1160,1160,0,0.0007427262,0.0
1161,1161,0,0.0014489524,0.0
1162,1162,0,0.0010726403,0.0
1163,1163,0,0.3264995,0.0
1164,1164,0,0.0076710926,0.0
1165,1165,0,0.0019435663,0.0
1166,1166,0,0.0021533307,0.0
1167,1167,0,0.00086232554,0.0
1168,1168,0,0.008111062,0.0
1169,1169,0,0.09739916,0.0
1170,1170,0,0.002425403,0.0
1171,1171,0,0.0023372727,0.0
1172,1172,0,0.0032336395,0.0
1173,1173,0,0.48127073,0.0
1174,1174,0,0.005879893,0.0
1175,1175,0,0.0016396523,0.0
1176,1176,0,0.033362456,0.0
1177,1177,0,0.46641493,0.0
1178,1178,1,0.8722583,1.0
1179,1179,0,0.0015903799,0.0
1180,1180,0,0.0014059521,0.0
1181,1181,0,0.27567732,0.0
1182,1182,0,0.0009714474,0.0
1183,1183,0,0.0020405422,0.0
1184,1184,0,0.0008375469,0.0
1185,1185,0,0.007850918,0.0
1186,1186,0,0.1330096,0.0
1187,1187,0,0.016913762,0.0
1188,1188,0,0.0007580163,0.0
1189,1189,0,0.0012963858,0.0
1190,1190,1,0.81728536,1.0
1191,1191,0,0.0066636885,0.0
1192,1192,0,0.0048980596,0.0
1193,1193,0,0.018887715,0.0
1194,1194,0,0.020923609,0.0
1195,1195,0,0.0022516376,0.0
1196,1196,0,0.0012698934,0.0
1197,1197,0,0.0027137375,0.0
1198,1198,0,0.0015015944,0.0
1199,1199,0,0.07095784,0.0
1200,1200,0,0.010093504,0.0
1201,1201,0,0.09185455,0.0
1202,1202,0,0.0025800443,0.0
1203,1203,0,0.0014307841,0.0
1204,1204,1,0.8210192,1.0
1205,1205,0,0.005436829,0.0
1206,1206,0,0.000532061,0.0
1207,1207,0,0.001346336,0.0
1208,1208,0,0.16914988,0.0
1209,1209,0,0.0017067583,0.0
1210,1210,0,0.0015424371,0.0
1211,1211,0,0.21699004,0.0
1212,1212,0,0.017966246,0.0
1213,1213,0,0.0032237407,0.0
1214,1214,0,0.013399914,0.0
1215,1215,0,0.0029155333,0.0
1216,1216,0,0.0016930338,0.0
1217,1217,0,0.0012907569,0.0
1218,1218,0,0.0016922357,0.0
1219,1219,0,0.3651396,0.0
1220,1220,0,0.0015604619,0.0
1221,1221,0,0.0023488451,0.0
1222,1222,0,0.028190095,0.0
1223,1223,0,0.0009765487,0.0
1224,1224,0,0.008279113,0.0
1225,1225,0,0.1531136,0.0
1226,1226,0,0.00034622662,0.0
1227,1227,0,0.0020764144,0.0
1228,1228,0,0.0018154219,0.0
1229,1229,0,0.0012937806,0.0
1230,1230,0,0.0015519754,0.0
1231,1231,0,0.00249522,0.0
1232,1232,0,0.0030882165,0.0
1233,1233,0,0.11047816,0.0
1234,1234,0,0.0014078984,0.0
1235,1235,0,0.008260908,0.0
1236,1236,0,0.0092949895,0.0
1237,1237,0,0.0030173536,0.0
1238,1238,0,0.0025120708,0.0
1239,1239,0,0.022970432,0.0
1240,1240,0,0.0020721562,0.0
1241,1241,0,0.00071777345,0.0
1242,1242,0,0.0051713386,0.0
1243,1243,0,0.0020659957,0.0
1244,1244,0,0.004223377,0.0
1245,1245,0,0.006113102,0.0
1246,1246,0,0.012788425,0.0
1247,1247,0,0.0034585271,0.0
1248,1248,0,0.0019302005,0.0
1249,1249,0,0.0013054697,0.0
1250,1250,0,0.002404321,0.0
1251,1251,0,0.0016848979,0.0
1252,1252,0,0.0049945563,0.0
1253,1253,0,0.0021121895,0.0
1254,1254,0,0.0013416205,0.0
1255,1255,0,0.0010345161,0.0
1256,1256,0,0.30467638,0.0
1257,1257,0,0.0022928496,0.0
1258,1258,0,0.0016114156,0.0
1259,1259,0,0.0024905405,0.0
1260,1260,0,0.0014980823,0.0
1261,1261,0,0.005309918,0.0
1262,1262,0,0.0019415201,0.0
1263,1263,0,0.00089881837,0.0
1264,1264,0,0.003067085,0.0
1265,1265,0,0.032595165,0.0
1266,1266,0,0.09587529,0.0
1267,1267,0,0.19719121,0.0
1268,1268,0,0.12543963,0.0
1269,1269,0,0.0014430156,0.0
1270,1270,0,0.0020351454,0.0
1271,1271,0,0.0008200371,0.0
1272,1272,0,0.0018835267,0.0
1273,1273,0,0.021419821,0.0
1274,1274,0,0.0013498373,0.0
1275,1275,0,0.0071671465,0.0
1276,1276,0,0.0029838604,0.0
1277,1277,1,0.62170947,1.0
1278,1278,0,0.0017078386,0.0
1279,1279,0,0.0013092074,0.0
1280,1280,0,0.00258519,0.0
1281,1281,0,0.066601664,0.0
1282,1282,0,0.0024158203,0.0
1283,1283,0,0.0140237715,0.0
1284,1284,0,0.0012003258,0.0
1285,1285,0,0.0012969294,0.0
1286,1286,0,0.0024658411,0.0
1287,1287,0,0.0026124,0.0
1288,1288,0,0.0034114302,0.0
1289,1289,0,0.27941874,0.0
1290,1290,0,0.002941257,0.0
1291,1291,0,0.010918434,0.0
1292,1292,0,0.013780135,0.0
1293,1293,0,0.0013944187,0.0
1294,1294,0,0.002587671,0.0
1295,1295,0,0.0015275592,0.0
1296,1296,0,0.015426537,0.0
1297,1297,0,0.0054782964,0.0
1298,1298,0,0.0013433261,0.0
1299,1299,0,0.00085763494,0.0
1300,1300,0,0.010965294,0.0
1301,1301,0,0.0010028848,0.0
1302,1302,0,0.001186754,0.0
1303,1303,0,0.00042759208,0.0
1304,1304,0,0.1885433,0.0
1305,1305,0,0.17103082,0.0
1306,1306,0,0.06498708,0.0
1307,1307,0,0.0018776886,0.0
1308,1308,0,0.00078384095,0.0
1309,1309,0,0.001340613,0.0
1310,1310,0,0.29382992,0.0
1311,1311,0,0.0014144636,0.0
1312,1312,0,0.0019923262,0.0
1313,1313,0,0.0014314093,0.0
1314,1314,0,0.0044006435,0.0
1315,1315,0,0.0014464762,0.0
1316,1316,0,0.006645754,0.0
1317,1317,0,0.0021409949,0.0
1318,1318,0,0.00065973145,0.0
1319,1319,0,0.014710138,0.0
1320,1320,0,0.0026473082,0.0
1321,1321,0,0.00203076,0.0
1322,1322,0,0.0010526739,0.0
1323,1323,0,0.00030537165,0.0
1324,1324,0,0.00035731195,0.0
1325,1325,0,0.010170814,0.0
1326,1326,1,0.58353317,1.0
1327,1327,0,0.0022064238,0.0
1328,1328,0,0.001774908,0.0
1329,1329,0,0.0029247478,0.0
1330,1330,0,0.0012739268,0.0
1331,1331,0,0.0006704993,0.0
1332,1332,0,0.0038060932,0.0
1333,1333,0,0.0028799225,0.0
1334,1334,0,0.0010940076,0.0
1335,1335,0,0.0008160098,0.0
1336,1336,0,0.0020399727,0.0
1337,1337,0,0.0018569243,0.0
1338,1338,0,0.0013268727,0.0
1339,1339,0,0.0024671592,0.0
1340,1340,0,0.0050894236,0.0
1341,1341,0,0.0019292829,0.0
1342,1342,0,0.0010224503,0.0
1343,1343,0,0.0020590506,0.0
1344,1344,0,0.0013355487,0.0
1345,1345,1,0.8769428,1.0
1346,1346,0,0.03532359,0.0
1347,1347,0,0.0051476294,0.0
1348,1348,0,0.0013714149,0.0
1349,1349,0,0.0012258737,0.0
1350,1350,0,0.010533851,0.0
1351,1351,1,0.5236796,1.0
1352,1352,0,0.10478754,0.0
1353,1353,0,0.0020887177,0.0
1354,1354,0,0.001467604,0.0
1355,1355,0,0.0034168374,0.0
1356,1356,1,0.92636186,1.0
1357,1357,0,0.0019417666,0.0
1358,1358,0,0.002797604,0.0
1359,1359,0,0.0017233454,0.0
1360,1360,0,0.06236303,0.0
1361,1361,0,0.0036103092,0.0
1362,1362,1,0.68258494,1.0
1363,1363,0,0.0008926395,0.0
1364,1364,0,0.0030288673,0.0
1365,1365,1,0.54899937,1.0
1366,1366,0,0.0018336596,0.0
1367,1367,0,0.0040634912,0.0
1368,1368,0,0.119361445,0.0
1369,1369,0,0.0025207973,0.0
1370,1370,0,0.022485996,0.0
1371,1371,0,0.035008132,0.0
1372,1372,0,0.0020300793,0.0
1373,1373,0,0.0253999,0.0
1374,1374,0,0.0025539831,0.0
1375,1375,1,0.72723323,1.0
1376,1376,0,0.0068117254,0.0
1377,1377,0,0.0062600113,0.0
1378,1378,0,0.00049820123,0.0
1379,1379,0,0.0049827723,0.0
1380,1380,0,0.0020139995,0.0
1381,1381,0,0.080351524,0.0
1382,1382,0,0.0023806784,0.0
1383,1383,0,0.0011325394,0.0
1384,1384,0,0.003875067,0.0
1385,1385,0,0.0029211363,0.0
1386,1386,0,0.16007431,0.0
1387,1387,0,0.0040573953,0.0
1388,1388,0,0.3787579,0.0
1389,1389,0,0.41456658,0.0
1390,1390,0,0.0024080868,0.0
1391,1391,0,0.13520405,0.0
1392,1392,0,0.0045769573,0.0
1393,1393,0,0.121620856,0.0
1394,1394,0,0.001904547,0.0
1395,1395,0,0.016356125,0.0
1396,1396,0,0.0022606887,0.0
1397,1397,0,0.0076323114,0.0
1398,1398,0,0.0067062355,0.0
1399,1399,0,0.0017961124,0.0
1400,1400,0,0.013700103,0.0
1401,1401,0,0.0016112023,0.0
1402,1402,0,0.0021466701,0.0
1403,1403,0,0.0008980044,0.0
1404,1404,1,0.76892537,1.0
1405,1405,1,0.67349917,1.0
1406,1406,0,0.24402587,0.0
1407,1407,1,0.90914726,1.0
1408,1408,1,0.6948887,1.0
1409,1409,0,0.0024966982,0.0
1410,1410,0,0.0023122816,0.0
1411,1411,0,0.13585922,0.0
1412,1412,0,0.0011424228,0.0
1413,1413,1,0.82709634,1.0
1414,1414,0,0.0015441269,0.0
1415,1415,0,0.0018914845,0.0
1416,1416,1,0.8395313,1.0
1417,1417,0,0.040597457,0.0
1418,1418,0,0.0003902974,0.0
1419,1419,1,0.8486999,1.0
1420,1420,0,0.07390521,0.0
1421,1421,0,0.0011907928,0.0
1422,1422,0,0.07571014,0.0
1423,1423,0,0.0024166696,0.0
1424,1424,1,0.7661805,1.0
1425,1425,0,0.0017949861,0.0
1426,1426,0,0.031153226,0.0
1427,1427,0,0.0010214548,0.0
1428,1428,0,0.0010034579,0.0
1429,1429,0,0.00039398894,0.0
1430,1430,0,0.0012314338,0.0
1431,1431,0,0.0012368745,0.0
1432,1432,0,0.0015445097,0.0
1433,1433,0,0.0028916649,0.0
1434,1434,0,0.0034214053,0.0
1435,1435,0,0.073351994,0.0
1436,1436,0,0.0024082914,0.0
1437,1437,0,0.0014709627,0.0
1438,1438,0,0.0023242256,0.0
1439,1439,0,0.003013275,0.0
1440,1440,0,0.0013830874,0.0
1441,1441,0,0.0028227507,0.0
1442,1442,0,0.42157617,0.0
1443,1443,0,0.0018595454,0.0
1444,1444,1,0.64019185,1.0
1445,1445,0,0.0130065475,0.0
1446,1446,0,0.026977077,0.0
1447,1447,0,0.0019962918,0.0
1448,1448,0,0.00058703276,0.0
1449,1449,0,0.0011684563,0.0
1450,1450,1,0.8485609,1.0
1451,1451,1,0.69773465,1.0
1452,1452,0,0.003491701,0.0
1453,1453,0,0.003937309,0.0
1454,1454,0,0.0018242508,0.0
1455,1455,0,0.0026497806,0.0
1456,1456,0,0.0018526725,0.0
1457,1457,0,0.0016685373,0.0
1458,1458,0,0.0013017645,0.0
1459,1459,0,0.002295949,0.0
1460,1460,0,0.027816916,0.0
1461,1461,0,0.0018224688,0.0
1462,1462,0,0.00170145,0.0
1463,1463,0,0.00080068334,0.0
1464,1464,0,0.002524575,0.0
1465,1465,0,0.0017553823,0.0
1466,1466,0,0.046372373,0.0
1467,1467,0,0.0014386227,0.0
1468,1468,0,0.0022155717,0.0
1469,1469,0,0.00080999185,0.0
1470,1470,0,0.00041855575,0.0
1471,1471,0,0.0028983362,0.0
1472,1472,0,0.085046984,0.0
1473,1473,0,0.039350923,0.0
1474,1474,0,0.0022208858,0.0
1475,1475,0,0.0014218735,0.0
1476,1476,0,0.46075138,0.0
1477,1477,1,0.5974948,1.0
1478,1478,0,0.0010934178,0.0
1479,1479,0,0.0038462349,0.0
1480,1480,0,0.0069614635,0.0
1481,1481,0,0.001815221,0.0
1482,1482,0,0.000448671,0.0
1483,1483,0,0.0050275614,0.0
1484,1484,0,0.0013658801,0.0
1485,1485,0,0.054603726,0.0
1486,1486,0,0.0014189302,0.0
1487,1487,0,0.0015309425,0.0
1488,1488,0,0.00231203,0.0
1489,1489,0,0.0017969871,0.0
1490,1490,0,0.0015141913,0.0
1491,1491,0,0.014452899,0.0
1492,1492,0,0.13584423,0.0
1493,1493,0,0.0038545704,0.0
1494,1494,0,0.0013220191,0.0
1495,1495,0,0.0013487835,0.0
1496,1496,0,0.010445951,0.0
1497,1497,0,0.0019079316,0.0
1498,1498,0,0.00253089,0.0
1499,1499,0,0.0672318,0.0
1500,1500,0,0.0022951367,0.0
1501,1501,0,0.0029107574,0.0
1502,1502,0,0.0031604215,0.0
1503,1503,0,0.0011655965,0.0
1504,1504,0,0.0029256768,0.0
1505,1505,0,0.022077942,0.0
1506,1506,0,0.002650227,0.0
1507,1507,0,0.007107239,0.0
1508,1508,0,0.0016369749,0.0
1509,1509,0,0.0027419818,0.0
1510,1510,0,0.024871202,0.0
1511,1511,0,0.004783747,0.0
1512,1512,0,0.0018301845,0.0
1513,1513,0,0.0012223033,0.0
1514,1514,0,0.0012221569,0.0
1515,1515,0,0.002478692,0.0
1516,1516,1,0.8251036,1.0
1517,1517,0,0.015503548,0.0
1518,1518,0,0.0008235463,0.0
1519,1519,0,0.0049974467,0.0
1520,1520,0,0.071614064,0.0
1521,1521,0,0.00053900864,0.0
1522,1522,0,0.028889667,0.0
1523,1523,0,0.0012733096,0.0
1524,1524,0,0.0005674419,0.0
1525,1525,0,0.0025100573,0.0
1526,1526,1,0.8117503,1.0
1527,1527,0,0.0067392713,0.0
1528,1528,0,0.001885036,0.0
1529,1529,0,0.0033450418,0.0
1530,1530,0,0.003028737,0.0
1531,1531,0,0.002197815,0.0
1532,1532,0,0.42684287,0.0
1533,1533,0,0.0014893231,0.0
1534,1534,0,0.0012035405,0.0
1535,1535,0,0.002170918,0.0
1536,1536,0,0.0018554765,0.0
1537,1537,1,0.6068433,1.0
1538,1538,0,0.07322609,0.0
1539,1539,0,0.0011814218,0.0
1540,1540,0,0.05020963,0.0
1541,1541,0,0.0021095392,0.0
1542,1542,0,0.001884344,0.0
1543,1543,0,0.017384466,0.0
1544,1544,1,0.5560244,1.0
1545,1545,0,0.0020973685,0.0
1546,1546,0,0.022382077,0.0
1547,1547,0,0.0011039035,0.0
1548,1548,0,0.0032849559,0.0
1549,1549,1,0.62521553,1.0
1550,1550,0,0.013189564,0.0
1551,1551,0,0.0021585494,0.0
1552,1552,0,0.16019967,0.0
1553,1553,0,0.0030860808,0.0
1554,1554,0,0.0008378058,0.0
1555,1555,0,0.0013401349,0.0
1556,1556,0,0.0023109987,0.0
1557,1557,0,0.0017250644,0.0
1558,1558,0,0.06558646,0.0
1559,1559,0,0.0012706658,0.0
1560,1560,0,0.0027812757,0.0
1561,1561,0,0.06493857,0.0
1562,1562,0,0.001037316,0.0
1563,1563,0,0.0049494323,0.0
1564,1564,1,0.7280162,1.0
1565,1565,0,0.0015662413,0.0
1566,1566,0,0.079205334,0.0
1567,1567,0,0.0012472695,0.0
1568,1568,0,0.00060554745,0.0
1569,1569,0,0.0022430576,0.0
1570,1570,0,0.0021404836,0.0
1571,1571,1,0.7675648,1.0
1572,1572,0,0.011938441,0.0
1573,1573,0,0.0005792697,0.0
1574,1574,0,0.001009976,0.0
1575,1575,0,0.0035857433,0.0
1576,1576,0,0.0008339548,0.0
1577,1577,0,0.0027202882,0.0
1578,1578,0,0.0033873394,0.0
1579,1579,1,0.90340865,1.0
1580,1580,0,0.0008545276,0.0
1581,1581,0,0.0009883305,0.0
1582,1582,0,0.0041721184,0.0
1583,1583,0,0.0019254427,0.0
1584,1584,0,0.0030608496,0.0
1585,1585,0,0.0115093235,0.0
1586,1586,0,0.0008132954,0.0
1587,1587,0,0.004151712,0.0
1588,1588,0,0.0008958002,0.0
1589,1589,0,0.069597065,0.0
1590,1590,0,0.1741701,0.0
1591,1591,0,0.0024711252,0.0
1592,1592,0,0.0012770595,0.0
1593,1593,0,0.010767356,0.0
1594,1594,0,0.002781054,0.0
1595,1595,0,0.0022585387,0.0
1596,1596,0,0.0077342456,0.0
1597,1597,0,0.012830558,0.0
1598,1598,0,0.005389032,0.0
1599,1599,0,0.0019281559,0.0
1600,1600,0,0.0030556847,0.0
1601,1601,0,0.085326836,0.0
1602,1602,0,0.0023381691,0.0
1603,1603,0,0.019978603,0.0
1604,1604,0,0.0015876474,0.0
1605,1605,1,0.6592191,1.0
1606,1606,0,0.0043254984,0.0
1607,1607,0,0.0029869468,0.0
1608,1608,0,0.0034847255,0.0
1609,1609,0,0.0024696093,0.0
1610,1610,0,0.001727672,0.0
1611,1611,0,0.18423,0.0
1612,1612,1,0.8456453,1.0
1613,1613,0,0.007350766,0.0
1614,1614,0,0.001494867,0.0
1615,1615,0,0.0009228157,0.0
1616,1616,0,0.0023110653,0.0
1617,1617,0,0.0012167454,0.0
1618,1618,0,0.001603937,0.0
1619,1619,0,0.001137297,0.0
1620,1620,0,0.039723564,0.0
1621,1621,0,0.0022962443,0.0
1622,1622,0,0.0117956195,0.0
1623,1623,0,0.10726229,0.0
1624,1624,0,0.34981537,0.0
1625,1625,0,0.0058505163,0.0
1626,1626,0,0.00286846,0.0
1627,1627,0,0.0022428292,0.0
1628,1628,0,0.0033279904,0.0
1629,1629,0,0.0019661873,0.0
1630,1630,0,0.0018855196,0.0
1631,1631,0,0.0014152951,0.0
1632,1632,0,0.0050946744,0.0
1633,1633,0,0.0018314568,0.0
1634,1634,0,0.030504832,0.0
1635,1635,0,0.001238642,0.0
1636,1636,0,0.0013588751,0.0
1637,1637,1,0.7609765,1.0
1638,1638,0,0.00038188192,0.0
1639,1639,0,0.0012688946,0.0
1640,1640,0,0.0031784438,0.0
1641,1641,0,0.0006473878,0.0
1642,1642,0,0.0019497883,0.0
1643,1643,0,0.024542384,0.0
1644,1644,1,0.8369139,1.0
1645,1645,0,0.00246262,0.0
1646,1646,0,0.04180997,0.0
1647,1647,0,0.00260203,0.0
1648,1648,0,0.00057534024,0.0
1649,1649,0,0.0013518897,0.0
1650,1650,0,0.0013016255,0.0
1651,1651,0,0.006833254,0.0
1652,1652,0,0.011045995,0.0
1653,1653,0,0.00065832265,0.0
1654,1654,0,0.004098647,0.0
1655,1655,0,0.0010234971,0.0
1656,1656,0,0.021652777,0.0
1657,1657,0,0.021769244,0.0
1658,1658,0,0.0016953442,0.0
1659,1659,0,0.0017442979,0.0
1660,1660,0,0.029096166,0.0
1661,1661,0,0.0083943615,0.0
1662,1662,0,0.0007746654,0.0
1663,1663,0,0.0015301211,0.0
1664,1664,0,0.0025382105,0.0
1665,1665,0,0.0031084712,0.0
1666,1666,0,0.0065838443,0.0
1667,1667,0,0.020782828,0.0
1668,1668,1,0.6305298,1.0
1669,1669,0,0.3915348,0.0
1670,1670,0,0.0023814663,0.0
1671,1671,0,0.0024178613,0.0
1672,1672,1,0.69277513,1.0
1673,1673,0,0.51032794,1.0
1674,1674,0,0.0010046164,0.0
1675,1675,0,0.32941112,0.0
1676,1676,0,0.0011275666,0.0
1677,1677,0,0.001700771,0.0
1678,1678,0,0.20824452,0.0
1679,1679,0,0.001101257,0.0
1680,1680,0,0.102916144,0.0
1681,1681,0,0.009939996,0.0
1682,1682,0,0.00045254515,0.0
1683,1683,0,0.012615135,0.0
1684,1684,0,0.0046561835,0.0
1685,1685,0,0.0025941974,0.0
1686,1686,0,0.017336931,0.0
1687,1687,1,0.65861547,1.0
1688,1688,0,0.0019914454,0.0
1689,1689,0,0.00047374037,0.0
1690,1690,0,0.0012229916,0.0
1691,1691,0,0.0009101572,0.0
1692,1692,0,0.003052011,0.0
1693,1693,0,0.027112687,0.0
1694,1694,0,0.0022052259,0.0
1695,1695,0,0.004016298,0.0
1696,1696,0,0.0019786176,0.0
1697,1697,0,0.22990076,0.0
1698,1698,0,0.16128483,0.0
1699,1699,0,0.0023899144,0.0
1700,1700,0,0.061952867,0.0
1701,1701,0,0.003019773,0.0
1702,1702,0,0.0018051853,0.0
1703,1703,0,0.0015929025,0.0
1704,1704,0,0.3173729,0.0
1705,1705,0,0.0014097479,0.0
1706,1706,0,0.004430537,0.0
1707,1707,0,0.0029157246,0.0
1708,1708,0,0.032155395,0.0
1709,1709,0,0.3311382,0.0
1710,1710,0,0.03807948,0.0
1711,1711,0,0.0027106067,0.0
1712,1712,0,0.0017077692,0.0
1713,1713,0,0.0011411138,0.0
1714,1714,0,0.0016947503,0.0
1715,1715,0,0.0030726593,0.0
1716,1716,0,0.0020395953,0.0
1717,1717,0,0.002483212,0.0
1718,1718,0,0.0013766598,0.0
1719,1719,0,0.0011225747,0.0
1720,1720,0,0.0064751967,0.0
1721,1721,0,0.067614496,0.0
1722,1722,0,0.0014398069,0.0
1723,1723,0,0.12773143,0.0
1724,1724,0,0.0034770959,0.0
1725,1725,0,0.002893472,0.0
1726,1726,0,0.14553975,0.0
1727,1727,1,0.698719,1.0
1728,1728,0,0.0044454276,0.0
1729,1729,0,0.0006462891,0.0
1730,1730,0,0.0072442414,0.0
1731,1731,0,0.07287251,0.0
1732,1732,1,0.6165241,1.0
1733,1733,0,0.0026571592,0.0
1734,1734,0,0.0055702897,0.0
1735,1735,0,0.00044853488,0.0
1736,1736,0,0.008031547,0.0
1737,1737,0,0.00081024907,0.0
1738,1738,0,0.007558705,0.0
1739,1739,0,0.024280285,0.0
1740,1740,0,0.019547086,0.0
1741,1741,0,0.014225125,0.0
1742,1742,0,0.0069609554,0.0
1743,1743,0,0.004703948,0.0
1744,1744,0,0.062085997,0.0
1745,1745,0,0.0028355583,0.0
1746,1746,0,0.008408745,0.0
1747,1747,0,0.06494372,0.0
1748,1748,0,0.0024324164,0.0
1749,1749,0,0.0019880298,0.0
1750,1750,1,0.7531274,1.0
1751,1751,0,0.0019460013,0.0
1752,1752,0,0.0021449425,0.0
1753,1753,1,0.5580794,1.0
1754,1754,0,0.00078364584,0.0
1755,1755,0,0.019726072,0.0
1756,1756,0,0.016461622,0.0
1757,1757,0,0.046039365,0.0
1758,1758,0,0.0015719965,0.0
1759,1759,0,0.0012192347,0.0
1760,1760,0,0.002065301,0.0
1761,1761,0,0.07120381,0.0
1762,1762,0,0.001273611,0.0
1763,1763,0,0.0019923053,0.0
1764,1764,0,0.0067543583,0.0
1765,1765,0,0.001426277,0.0
1766,1766,0,0.014379391,0.0
1767,1767,0,0.005551444,0.0
1768,1768,0,0.003380113,0.0
1769,1769,0,0.5629032,1.0
1770,1770,0,0.0010257585,0.0
1771,1771,0,0.0014760433,0.0
1772,1772,1,0.8024918,1.0
1773,1773,0,0.23287049,0.0
1774,1774,0,0.002651385,0.0
1775,1775,0,0.002724446,0.0
1776,1776,0,0.0004487906,0.0
1777,1777,0,0.004394797,0.0
1778,1778,0,0.027472313,0.0
1779,1779,0,0.001497908,0.0
1780,1780,0,0.0024812259,0.0
1781,1781,0,0.0013544764,0.0
1782,1782,0,0.002462375,0.0
1783,1783,0,0.02038294,0.0
1784,1784,0,0.0016035795,0.0
1785,1785,0,0.0014936249,0.0
1786,1786,0,0.057799987,0.0
1787,1787,0,0.0006310768,0.0
1788,1788,0,0.50680596,1.0
1789,1789,1,0.8247968,1.0
1790,1790,0,0.0017838966,0.0
1791,1791,0,0.002845799,0.0
1792,1792,0,0.0061793537,0.0
1793,1793,0,0.002196349,0.0
1794,1794,0,0.0048690136,0.0
1795,1795,0,0.0016327379,0.0
1796,1796,0,0.013671939,0.0
1797,1797,0,0.0015199961,0.0
1798,1798,0,0.27104834,0.0
1799,1799,0,0.0017885573,0.0
1800,1800,0,0.010076628,0.0
1801,1801,0,0.021974854,0.0
1802,1802,0,0.028057044,0.0
1803,1803,0,0.0018013194,0.0
1804,1804,0,0.0031691764,0.0
1805,1805,0,0.0014475265,0.0
1806,1806,0,0.000708153,0.0
1807,1807,0,0.0014398384,0.0
1808,1808,0,0.0030116672,0.0
1809,1809,0,0.003108515,0.0
1810,1810,1,0.6489542,1.0
1811,1811,0,0.0013379727,0.0
1812,1812,0,0.016165152,0.0
1813,1813,0,0.0015716156,0.0
1814,1814,0,0.0045235483,0.0
1815,1815,0,0.019189725,0.0
1816,1816,0,0.001067951,0.0
1817,1817,0,0.0012779353,0.0
1818,1818,0,0.0017389196,0.0
1819,1819,0,0.0014374731,0.0
1820,1820,0,0.0073221074,0.0
1821,1821,0,0.03369643,0.0
1822,1822,0,0.0031692646,0.0
1823,1823,0,0.016991977,0.0
1824,1824,0,0.035765063,0.0
1825,1825,0,0.0026719444,0.0
1826,1826,0,0.0026181259,0.0
1827,1827,0,0.0026745913,0.0
1828,1828,0,0.0018682012,0.0
1829,1829,1,0.54924405,1.0
1830,1830,1,0.41804895,0.0
1831,1831,0,0.019907761,0.0
1832,1832,0,0.020567458,0.0
1833,1833,0,0.10274925,0.0
1834,1834,0,0.027543852,0.0
1835,1835,0,0.0014550005,0.0
1836,1836,0,0.02988281,0.0
1837,1837,0,0.0018370297,0.0
1838,1838,0,0.003862232,0.0
1839,1839,0,0.040055607,0.0
1840,1840,0,0.00992586,0.0
1841,1841,0,0.00063475256,0.0
1842,1842,0,0.013228236,0.0
1843,1843,0,0.025517618,0.0
1844,1844,0,0.0007944511,0.0
1845,1845,0,0.0014168702,0.0
1846,1846,0,0.0017159863,0.0
1847,1847,1,0.90370834,1.0
1848,1848,0,0.002795905,0.0
1849,1849,0,0.0019722965,0.0
1850,1850,0,0.002088143,0.0
1851,1851,0,0.13192064,0.0
1852,1852,0,0.0038900175,0.0
1853,1853,0,0.0011870592,0.0
1854,1854,0,0.0006853499,0.0
1855,1855,1,0.70045257,1.0
1856,1856,0,0.0027512044,0.0
1857,1857,0,0.0020193937,0.0
1858,1858,0,0.0017247663,0.0
1859,1859,0,0.0011754499,0.0
1860,1860,0,0.001179341,0.0
1861,1861,0,0.0019321351,0.0
1862,1862,0,0.0020887796,0.0
1863,1863,0,0.20402488,0.0
1864,1864,0,0.0020314567,0.0
1865,1865,0,0.0020897274,0.0
1866,1866,0,0.00213009,0.0
1867,1867,0,0.00068364467,0.0
1868,1868,0,0.001979847,0.0
1869,1869,0,0.0013524275,0.0
1870,1870,0,0.003379653,0.0
1871,1871,0,0.0006827767,0.0
1872,1872,0,0.001183131,0.0
1873,1873,0,0.0028008353,0.0
1874,1874,0,0.009703778,0.0
1875,1875,0,0.00890863,0.0
1876,1876,0,0.013774122,0.0
1877,1877,0,0.0042229826,0.0
1878,1878,0,0.0012407366,0.0
1879,1879,0,0.0031097273,0.0
1880,1880,0,0.00039842102,0.0
1881,1881,0,0.0010015147,0.0
1882,1882,0,0.0038555178,0.0
1883,1883,0,0.002270789,0.0
1884,1884,1,0.77924895,1.0
1885,1885,0,0.06858201,0.0
1886,1886,0,0.0029973984,0.0
1887,1887,0,0.037452884,0.0
1888,1888,0,0.006028115,0.0
1889,1889,0,0.01919632,0.0
1890,1890,0,0.0013062151,0.0
1891,1891,0,0.0055884505,0.0
1892,1892,0,0.0060362695,0.0
1893,1893,0,0.0025668498,0.0
1894,1894,0,0.0023966637,0.0
1895,1895,0,0.0022707498,0.0
1896,1896,0,0.0009927073,0.0
1897,1897,0,0.36012203,0.0
1898,1898,0,0.0049526393,0.0
1899,1899,0,0.10831086,0.0
1900,1900,0,0.02122875,0.0
1901,1901,0,0.0019163294,0.0
1902,1902,0,0.0005076188,0.0
1903,1903,0,0.0023405098,0.0
1904,1904,0,0.02336662,0.0
1905,1905,0,0.00182361,0.0
1906,1906,0,0.0031809055,0.0
1907,1907,0,0.0021884474,0.0
1908,1908,0,0.0037546896,0.0
1909,1909,0,0.0023337242,0.0
1910,1910,0,0.38676995,0.0
1911,1911,0,0.003323834,0.0
1912,1912,0,0.008665269,0.0
1913,1913,0,0.00043241834,0.0
1914,1914,0,0.0014953959,0.0
1915,1915,0,0.0013861803,0.0
1916,1916,0,0.00068734144,0.0
1917,1917,0,0.0052041914,0.0
1918,1918,0,0.002041293,0.0
1919,1919,0,0.002203574,0.0
1920,1920,0,0.05881392,0.0
1921,1921,0,0.003335119,0.0
1922,1922,0,0.001504061,0.0
1923,1923,0,0.0015523791,0.0
1924,1924,0,0.04101803,0.0
1925,1925,0,0.0005682675,0.0
1926,1926,0,0.020303274,0.0
1927,1927,0,0.0045542326,0.0
1928,1928,0,0.0064279274,0.0
1929,1929,0,0.0017718945,0.0
1930,1930,0,0.0023162172,0.0
1931,1931,0,0.0028282148,0.0
1932,1932,0,0.0025786678,0.0
1933,1933,0,0.0017480534,0.0
1934,1934,0,0.0014628556,0.0
1935,1935,0,0.0021806527,0.0
1936,1936,0,0.0017809484,0.0
1937,1937,0,0.045598965,0.0
1938,1938,0,0.0040492094,0.0
1939,1939,0,0.0045169843,0.0
1940,1940,0,0.0035972223,0.0
1941,1941,0,0.01046442,0.0
1942,1942,0,0.0021724862,0.0
1943,1943,0,0.0016629873,0.0
1944,1944,0,0.0013846856,0.0
1945,1945,0,0.0017690335,0.0
1946,1946,0,0.0063458853,0.0
1947,1947,0,0.505902,1.0
1948,1948,0,0.03370116,0.0
1949,1949,0,0.0012989306,0.0
1950,1950,0,0.0016260834,0.0
1951,1951,0,0.002228574,0.0
1952,1952,0,0.0015293853,0.0
1953,1953,0,0.34656525,0.0
1954,1954,0,0.0011088094,0.0
1955,1955,0,0.18581195,0.0
1956,1956,0,0.007206857,0.0
1957,1957,0,0.0057352223,0.0
1958,1958,0,0.0017111708,0.0
1959,1959,0,0.002931921,0.0
1960,1960,0,0.03919711,0.0
1961,1961,0,0.0028451867,0.0
1962,1962,0,0.0005789794,0.0
1963,1963,0,0.002518976,0.0
1964,1964,0,0.00156279,0.0
1965,1965,0,0.0080722235,0.0
1966,1966,0,0.0016744217,0.0
1967,1967,0,0.0021542937,0.0
1968,1968,0,0.0020829178,0.0
1969,1969,0,0.046616413,0.0
1970,1970,0,0.0016916699,0.0
1971,1971,0,0.002291385,0.0
1972,1972,0,0.31323248,0.0
1973,1973,0,0.0020473148,0.0
1974,1974,0,0.0019579697,0.0
1975,1975,0,0.059999295,0.0
1976,1976,0,0.0013296414,0.0
1977,1977,0,0.005106609,0.0
1978,1978,0,0.0013410265,0.0
1979,1979,0,0.0014982754,0.0
1980,1980,0,0.00092266063,0.0
1981,1981,0,0.1033449,0.0
1982,1982,0,0.0008289657,0.0
1983,1983,0,0.0011446442,0.0
1984,1984,0,0.0012169145,0.0
1985,1985,0,0.0018735949,0.0
1986,1986,0,0.010802423,0.0
1987,1987,0,0.007773833,0.0
1988,1988,0,0.0028178222,0.0
1989,1989,0,0.0021875366,0.0
1990,1990,0,0.063352294,0.0
1991,1991,0,0.0028792352,0.0
1992,1992,0,0.0026349197,0.0
1993,1993,0,0.0022534542,0.0
1994,1994,1,0.89752734,1.0
1995,1995,0,0.001762289,0.0
1996,1996,0,0.0014935853,0.0
1997,1997,0,0.0077487207,0.0
1998,1998,0,0.0025145714,0.0
1999,1999,0,0.0019250677,0.0
2000,2000,0,0.001781589,0.0
2001,2001,0,0.0028880327,0.0
2002,2002,0,0.0019966313,0.0
2003,2003,0,0.0077920435,0.0
2004,2004,0,0.0018412422,0.0
2005,2005,0,0.0028034188,0.0
2006,2006,0,0.0037406143,0.0
2007,2007,0,0.0022531932,0.0
2008,2008,0,0.0028122913,0.0
2009,2009,0,0.00058300357,0.0
2010,2010,0,0.0015363569,0.0
2011,2011,0,0.0018304024,0.0
2012,2012,0,0.012904865,0.0
2013,2013,0,0.009041014,0.0
2014,2014,0,0.0023911179,0.0
2015,2015,1,0.6306454,1.0
2016,2016,0,0.0021461672,0.0
2017,2017,0,0.0030681544,0.0
2018,2018,0,0.051754437,0.0
2019,2019,0,0.057699807,0.0
2020,2020,0,0.0011668245,0.0
2021,2021,0,0.015243998,0.0
2022,2022,0,0.00247325,0.0
2023,2023,0,0.022587068,0.0
2024,2024,0,0.0035954423,0.0
2025,2025,0,0.0029842625,0.0
2026,2026,0,0.002407786,0.0
2027,2027,0,0.0011244707,0.0
2028,2028,0,0.05857476,0.0
2029,2029,0,0.00124198,0.0
2030,2030,0,0.0006726159,0.0
2031,2031,0,0.032562293,0.0
2032,2032,0,0.0072423182,0.0
2033,2033,0,0.0016824309,0.0
2034,2034,0,0.0023295563,0.0
2035,2035,0,0.00045861787,0.0
2036,2036,0,0.016710121,0.0
2037,2037,0,0.002096262,0.0
2038,2038,0,0.06244397,0.0
2039,2039,0,0.0009886918,0.0
2040,2040,0,0.021822674,0.0
2041,2041,0,0.0036184862,0.0
2042,2042,0,0.06887783,0.0
2043,2043,0,0.00066835235,0.0
2044,2044,0,0.031552963,0.0
2045,2045,0,0.001197831,0.0
2046,2046,0,0.0010517683,0.0
2047,2047,0,0.001480276,0.0
2048,2048,0,0.0031453788,0.0
2049,2049,0,0.0032409779,0.0
2050,2050,0,0.0014816097,0.0
2051,2051,0,0.0015402384,0.0
2052,2052,0,0.007603947,0.0
2053,2053,0,0.0015010688,0.0
2054,2054,0,0.036780007,0.0
2055,2055,0,0.0024865065,0.0
2056,2056,0,0.0034362942,0.0
2057,2057,0,0.004525815,0.0
2058,2058,0,0.0016471458,0.0
2059,2059,0,0.013144942,0.0
2060,2060,1,0.6401159,1.0
2061,2061,0,0.002688958,0.0
2062,2062,0,0.0019165665,0.0
2063,2063,0,0.002351514,0.0
2064,2064,0,0.0019589767,0.0
2065,2065,0,0.0018425444,0.0
2066,2066,0,0.006814517,0.0
2067,2067,0,0.0027084146,0.0
2068,2068,0,0.006669273,0.0
2069,2069,0,0.001878519,0.0
2070,2070,0,0.0032028207,0.0
2071,2071,0,0.058063846,0.0
2072,2072,0,0.20720828,0.0
2073,2073,0,0.0012915564,0.0
2074,2074,0,0.0020068164,0.0
2075,2075,0,0.20377314,0.0
2076,2076,1,0.79479283,1.0
2077,2077,0,0.0011751915,0.0
2078,2078,0,0.0018207995,0.0
2079,2079,0,0.0018804243,0.0
2080,2080,0,0.018683253,0.0
2081,2081,1,0.71121013,1.0
2082,2082,0,0.0013118647,0.0
2083,2083,0,0.0013231274,0.0
2084,2084,0,0.0017351804,0.0
2085,2085,0,0.010044638,0.0
2086,2086,0,0.0055348156,0.0
2087,2087,1,0.5724907,1.0
2088,2088,0,0.001674339,0.0
2089,2089,0,0.0014096288,0.0
2090,2090,1,0.551962,1.0
2091,2091,0,0.0020014392,0.0
2092,2092,0,0.48068833,0.0
2093,2093,0,0.002012378,0.0
2094,2094,1,0.6496672,1.0
2095,2095,0,0.0015692655,0.0
2096,2096,0,0.0070119314,0.0
2097,2097,0,0.00070252793,0.0
2098,2098,0,0.003069666,0.0
2099,2099,1,0.6419355,1.0
2100,2100,0,0.0014027534,0.0
2101,2101,1,0.7139417,1.0
2102,2102,0,0.0014840824,0.0
2103,2103,0,0.0024129257,0.0
2104,2104,0,0.002786916,0.0
2105,2105,0,0.001959212,0.0
2106,2106,0,0.126049,0.0
2107,2107,0,0.0038829998,0.0
2108,2108,0,0.00047296737,0.0
2109,2109,0,0.0009449319,0.0
2110,2110,0,0.0033832374,0.0
2111,2111,0,0.0025243312,0.0
2112,2112,0,0.0011982642,0.0
2113,2113,0,0.0017586531,0.0
2114,2114,0,0.0019003224,0.0
2115,2115,0,0.0010649113,0.0
2116,2116,0,0.0022127582,0.0
2117,2117,0,0.5327383,1.0
2118,2118,0,0.0028562234,0.0
2119,2119,0,0.0027146612,0.0
2120,2120,0,0.0012516866,0.0
2121,2121,0,0.07647393,0.0
2122,2122,0,0.021563176,0.0
2123,2123,0,0.01219022,0.0
2124,2124,0,0.0010892274,0.0
2125,2125,0,0.013390367,0.0
2126,2126,1,0.6660575,1.0
2127,2127,0,0.0003847464,0.0
2128,2128,0,0.0014892777,0.0
2129,2129,0,0.07544504,0.0
2130,2130,0,0.0015494128,0.0
2131,2131,0,0.0012092253,0.0
2132,2132,0,0.0010718129,0.0
2133,2133,0,0.0015765007,0.0
2134,2134,0,0.007088347,0.0
2135,2135,0,0.001943174,0.0
2136,2136,0,0.028221956,0.0
2137,2137,0,0.029061357,0.0
2138,2138,0,0.010751077,0.0
2139,2139,0,0.0015493779,0.0
2140,2140,0,0.0021752075,0.0
2141,2141,0,0.0013765768,0.0
2142,2142,0,0.0022551087,0.0
2143,2143,0,0.00023625833,0.0
2144,2144,0,0.0013289845,0.0
2145,2145,0,0.0015215445,0.0
2146,2146,0,0.0013889633,0.0
2147,2147,0,0.0017232324,0.0
2148,2148,0,0.046054833,0.0
2149,2149,0,0.0034557965,0.0
2150,2150,0,0.0007347286,0.0
2151,2151,0,0.011118819,0.0
2152,2152,0,0.014416089,0.0
2153,2153,0,0.0041357866,0.0
2154,2154,0,0.001614704,0.0
2155,2155,0,0.0059539145,0.0
2156,2156,0,0.008258278,0.0
2157,2157,0,0.0015683759,0.0
2158,2158,0,0.21994627,0.0
2159,2159,0,0.002488703,0.0
2160,2160,0,0.00026230345,0.0
2161,2161,0,0.09781131,0.0
2162,2162,0,0.0012375877,0.0
2163,2163,0,0.001899099,0.0
2164,2164,0,0.0008609191,0.0
2165,2165,0,0.0031364982,0.0
2166,2166,0,0.0034598615,0.0
2167,2167,1,0.7473809,1.0
2168,2168,0,0.0030765287,0.0
2169,2169,0,0.001706566,0.0
2170,2170,0,0.002603934,0.0
2171,2171,0,0.0027819816,0.0
2172,2172,0,0.008737722,0.0
2173,2173,0,0.0022350042,0.0
2174,2174,0,0.0017903019,0.0
2175,2175,0,0.31075183,0.0
2176,2176,0,0.00042160036,0.0
2177,2177,0,0.00368299,0.0
2178,2178,0,0.0017582407,0.0
2179,2179,0,0.0016153628,0.0
2180,2180,0,0.00080827373,0.0
2181,2181,0,0.0013387373,0.0
2182,2182,0,0.26415375,0.0
2183,2183,0,0.0019526754,0.0
2184,2184,0,0.0023594245,0.0
2185,2185,0,0.0014644836,0.0
2186,2186,0,0.00086563535,0.0
2187,2187,0,0.0014736779,0.0
2188,2188,0,0.0022556907,0.0
2189,2189,0,0.000750678,0.0
2190,2190,0,0.016284415,0.0
2191,2191,0,0.00587865,0.0
2192,2192,0,0.0010955343,0.0
2193,2193,0,0.0005530849,0.0
2194,2194,0,0.0017848192,0.0
2195,2195,0,0.0022368904,0.0
2196,2196,0,0.001846578,0.0
2197,2197,0,0.0021291564,0.0
2198,2198,0,0.0010903688,0.0
2199,2199,0,0.002452492,0.0
2200,2200,0,0.00039709997,0.0
2201,2201,0,0.20751639,0.0
2202,2202,0,0.0017426129,0.0
2203,2203,0,0.0015262094,0.0
2204,2204,0,0.0009328757,0.0
2205,2205,0,0.0020313535,0.0
2206,2206,0,0.0029542637,0.0
2207,2207,0,0.0020991163,0.0
2208,2208,0,0.0011996989,0.0
2209,2209,0,0.0025816232,0.0
2210,2210,0,0.017608877,0.0
2211,2211,0,0.0025828145,0.0
2212,2212,1,0.51782334,1.0
2213,2213,1,0.76670367,1.0
2214,2214,0,0.0022044086,0.0
2215,2215,0,0.0012596447,0.0
2216,2216,0,0.0015425918,0.0
2217,2217,0,0.00189556,0.0
2218,2218,1,0.5457827,1.0
2219,2219,0,0.00059716986,0.0
2220,2220,0,0.0039044463,0.0
2221,2221,0,0.0022700173,0.0
2222,2222,0,0.0019814195,0.0
2223,2223,0,0.0013638219,0.0
2224,2224,1,0.8506594,1.0
2225,2225,0,0.1034901,0.0
2226,2226,0,0.0016403407,0.0
2227,2227,0,0.0010802534,0.0
2228,2228,0,0.0007693315,0.0
2229,2229,0,0.00212998,0.0
2230,2230,1,0.61217993,1.0
2231,2231,0,0.18000674,0.0
2232,2232,0,0.0012123315,0.0
2233,2233,0,0.0051314584,0.0
2234,2234,0,0.0040406957,0.0
2235,2235,0,0.00090573047,0.0
2236,2236,0,0.0008459744,0.0
2237,2237,0,0.0011859346,0.0
2238,2238,0,0.00192833,0.0
2239,2239,0,0.008128813,0.0
2240,2240,0,0.015936095,0.0
2241,2241,0,0.00097507256,0.0
2242,2242,0,0.0016420158,0.0
2243,2243,0,0.019724082,0.0
2244,2244,0,0.0017984525,0.0
2245,2245,0,0.0014500387,0.0
2246,2246,0,0.0015673374,0.0
2247,2247,0,0.0011355024,0.0
2248,2248,0,0.24726124,0.0
2249,2249,0,0.09452969,0.0
2250,2250,0,0.0026695598,0.0
2251,2251,0,0.001601263,0.0
2252,2252,0,0.0016417137,0.0
2253,2253,1,0.6390458,1.0
2254,2254,0,0.01558358,0.0
2255,2255,0,0.004495761,0.0
2256,2256,0,0.011271392,0.0
2257,2257,0,0.0016252265,0.0
2258,2258,0,0.0025369693,0.0
2259,2259,0,0.0028262178,0.0
2260,2260,0,0.0016718342,0.0
2261,2261,0,0.00053153763,0.0
2262,2262,0,0.0017002409,0.0
2263,2263,0,0.001737942,0.0
2264,2264,0,0.42033058,0.0
2265,2265,0,0.016136214,0.0
2266,2266,0,0.008101208,0.0
2267,2267,0,0.0016609987,0.0
2268,2268,0,0.002181402,0.0
2269,2269,0,0.001048092,0.0
2270,2270,0,0.0046750335,0.0
2271,2271,0,0.16471188,0.0
2272,2272,0,0.1097185,0.0
2273,2273,0,0.00096094684,0.0
2274,2274,1,0.5429241,1.0
2275,2275,0,0.1697019,0.0
2276,2276,0,0.006313446,0.0
2277,2277,0,0.0028610437,0.0
2278,2278,0,0.0018200608,0.0
2279,2279,0,0.036144413,0.0
2280,2280,0,0.060076196,0.0
2281,2281,0,0.0013243299,0.0
2282,2282,0,0.0031898306,0.0
2283,2283,0,0.00055136473,0.0
2284,2284,0,0.0007896915,0.0
2285,2285,0,0.0021890535,0.0
2286,2286,0,0.009559577,0.0
2287,2287,0,0.004604512,0.0
2288,2288,0,0.001723546,0.0
2289,2289,0,0.0013823321,0.0
2290,2290,0,0.0004216965,0.0
2291,2291,0,0.011915861,0.0
2292,2292,0,0.00059766986,0.0
2293,2293,0,0.0027550054,0.0
2294,2294,0,0.0019118395,0.0
2295,2295,0,0.003834981,0.0
2296,2296,0,0.09025801,0.0
2297,2297,0,0.0016485367,0.0
2298,2298,0,0.011425423,0.0
2299,2299,0,0.001606084,0.0
2300,2300,0,0.0013777751,0.0
2301,2301,0,0.010756185,0.0
2302,2302,0,0.053758115,0.0
2303,2303,1,0.4757379,0.0
2304,2304,0,0.0019344278,0.0
2305,2305,0,0.0018933949,0.0
2306,2306,0,0.0013290814,0.0
2307,2307,0,0.3943199,0.0
2308,2308,0,0.001753658,0.0
2309,2309,0,0.002400443,0.0
2310,2310,0,0.0077539785,0.0
2311,2311,0,0.0093600545,0.0
2312,2312,0,0.0018451359,0.0
2313,2313,0,0.0024207593,0.0
2314,2314,1,0.90605944,1.0
2315,2315,0,0.0016607993,0.0
2316,2316,0,0.003528631,0.0
2317,2317,0,0.15441272,0.0
2318,2318,0,0.017155772,0.0
2319,2319,0,0.0010888387,0.0
2320,2320,0,0.0010285536,0.0
2321,2321,0,0.003149176,0.0
2322,2322,0,0.040256865,0.0
2323,2323,0,0.0016127614,0.0
2324,2324,0,0.0008500068,0.0
2325,2325,0,0.0010944542,0.0
2326,2326,0,0.0007081792,0.0
2327,2327,0,0.00072179904,0.0
2328,2328,1,0.7028811,1.0
2329,2329,0,0.0015533976,0.0
2330,2330,0,0.10235405,0.0
2331,2331,0,0.011929097,0.0
2332,2332,0,0.004124524,0.0
2333,2333,0,0.0017373426,0.0
2334,2334,0,0.0019767408,0.0
2335,2335,1,0.73140746,1.0
2336,2336,0,0.0019266775,0.0
2337,2337,0,0.0006039498,0.0
2338,2338,0,0.0114942,0.0
2339,2339,0,0.0018465547,0.0
2340,2340,0,0.0016959447,0.0
2341,2341,0,0.001175748,0.0
2342,2342,0,0.00048465928,0.0
2343,2343,0,0.014931167,0.0
2344,2344,0,0.0029729644,0.0
2345,2345,0,0.0025182548,0.0
2346,2346,0,0.0013688368,0.0
2347,2347,0,0.0015699854,0.0
2348,2348,1,0.6732715,1.0
2349,2349,0,0.0029404361,0.0
2350,2350,0,0.0029813885,0.0
2351,2351,0,0.04767365,0.0
2352,2352,0,0.0025739013,0.0
2353,2353,0,0.0033831883,0.0
2354,2354,0,0.01816083,0.0
2355,2355,0,0.0019231194,0.0
2356,2356,0,0.0016061967,0.0
2357,2357,0,0.0005252879,0.0
2358,2358,0,0.009048652,0.0
2359,2359,0,0.038842227,0.0
2360,2360,0,0.003458234,0.0
2361,2361,0,0.0011240103,0.0
2362,2362,0,0.00057904085,0.0
2363,2363,0,0.0017565538,0.0
2364,2364,0,0.0026631088,0.0
2365,2365,0,0.0033845105,0.0
2366,2366,0,0.0022140923,0.0
2367,2367,0,0.0013532571,0.0
2368,2368,0,0.052247584,0.0
2369,2369,0,0.000999441,0.0
2370,2370,0,0.0013529189,0.0
2371,2371,0,0.0010929215,0.0
2372,2372,0,0.03752704,0.0
2373,2373,1,0.5844082,1.0
2374,2374,0,0.23273496,0.0
2375,2375,0,0.0010606165,0.0
2376,2376,0,0.0027446107,0.0
2377,2377,0,0.0016847148,0.0
2378,2378,0,0.0011559343,0.0
2379,2379,0,0.0008522534,0.0
2380,2380,0,0.0015072462,0.0
2381,2381,0,0.001625545,0.0
2382,2382,0,0.0012179485,0.0
2383,2383,0,0.063337274,0.0
2384,2384,0,0.0019631807,0.0
2385,2385,0,0.0021934486,0.0
2386,2386,0,0.0013031487,0.0
2387,2387,0,0.00250052,0.0
2388,2388,0,0.001377396,0.0
2389,2389,0,0.02131808,0.0
2390,2390,0,0.001436075,0.0
2391,2391,0,0.016439918,0.0
2392,2392,0,0.0012835364,0.0
2393,2393,0,0.028140103,0.0
2394,2394,0,0.001393011,0.0
2395,2395,0,0.0013939989,0.0
2396,2396,0,0.0051882635,0.0
2397,2397,0,0.0011011079,0.0
2398,2398,0,0.0022431472,0.0
2399,2399,0,0.0013659353,0.0
2400,2400,0,0.0015088201,0.0
2401,2401,0,0.0048053395,0.0
2402,2402,0,0.0016565515,0.0
2403,2403,0,0.00062582066,0.0
2404,2404,0,0.00168362,0.0
2405,2405,0,0.0016415933,0.0
2406,2406,0,0.0018633396,0.0
2407,2407,0,0.0020303018,0.0
2408,2408,0,0.011351163,0.0
2409,2409,0,0.0006512229,0.0
2410,2410,0,0.023181403,0.0
2411,2411,0,0.0018798162,0.0
2412,2412,0,0.001536007,0.0
2413,2413,0,0.0023605442,0.0
2414,2414,0,0.004120155,0.0
2415,2415,0,0.10318367,0.0
2416,2416,0,0.0028776661,0.0
2417,2417,0,0.0048929052,0.0
2418,2418,0,0.0010761025,0.0
2419,2419,0,0.024925508,0.0
2420,2420,0,0.0049615605,0.0
2421,2421,0,0.09454004,0.0
2422,2422,0,0.0434331,0.0
2423,2423,0,0.0024728486,0.0
2424,2424,0,0.0033526286,0.0
2425,2425,0,0.013015529,0.0
2426,2426,0,0.0027108353,0.0
2427,2427,0,0.0013371349,0.0
2428,2428,0,0.00287882,0.0
2429,2429,0,0.000797595,0.0
2430,2430,0,0.0018415566,0.0
2431,2431,0,0.13920984,0.0
2432,2432,0,0.0010627331,0.0
2433,2433,0,0.0013594457,0.0
2434,2434,0,0.0019845548,0.0
2435,2435,0,0.0052624503,0.0
2436,2436,1,0.7250727,1.0
2437,2437,0,0.0006315213,0.0
2438,2438,0,0.009701915,0.0
2439,2439,0,0.0019184649,0.0
2440,2440,0,0.06220191,0.0
2441,2441,0,0.00053242623,0.0
2442,2442,0,0.0013067558,0.0
2443,2443,0,0.0025149963,0.0
2444,2444,0,0.00453315,0.0
2445,2445,0,0.0014354788,0.0
2446,2446,0,0.064192794,0.0
2447,2447,0,0.0021871584,0.0
2448,2448,0,0.047171168,0.0
2449,2449,0,0.0065643787,0.0
2450,2450,0,0.015586151,0.0
2451,2451,0,0.0012945714,0.0
2452,2452,0,0.002979208,0.0
2453,2453,0,0.11677448,0.0
2454,2454,0,0.0015145557,0.0
2455,2455,0,0.005485642,0.0
2456,2456,0,0.054154515,0.0
2457,2457,0,0.0024484117,0.0
2458,2458,0,0.0011299402,0.0
2459,2459,0,0.0009697538,0.0
2460,2460,0,0.004041722,0.0
2461,2461,0,0.002652519,0.0
2462,2462,0,0.018267704,0.0
2463,2463,0,0.0006437454,0.0
2464,2464,0,0.0005212288,0.0
2465,2465,0,0.0015688067,0.0
2466,2466,0,0.0031619712,0.0
2467,2467,0,0.008347206,0.0
2468,2468,0,0.0034478274,0.0
2469,2469,0,0.025089487,0.0
2470,2470,0,0.010951738,0.0
2471,2471,0,0.0010994251,0.0
2472,2472,0,0.0016042109,0.0
2473,2473,0,0.002967933,0.0
2474,2474,0,0.0018252073,0.0
2475,2475,0,0.020458642,0.0
2476,2476,0,0.007630855,0.0
2477,2477,0,0.001456007,0.0
2478,2478,0,0.035318032,0.0
2479,2479,0,0.0015310772,0.0
2480,2480,0,0.009757149,0.0
2481,2481,0,0.0038090113,0.0
2482,2482,0,0.0016600356,0.0
2483,2483,0,0.0005053448,0.0
2484,2484,0,0.0033277832,0.0
2485,2485,0,0.0014610921,0.0
2486,2486,0,0.016935142,0.0
2487,2487,0,0.00054747314,0.0
2488,2488,0,0.0008891492,0.0
2489,2489,1,0.83995533,1.0
2490,2490,0,0.0073026516,0.0
2491,2491,0,0.015652409,0.0
2492,2492,0,0.0022765356,0.0
2493,2493,0,0.001943561,0.0
2494,2494,1,0.6747479,1.0
2495,2495,0,0.0026425289,0.0
2496,2496,0,0.0036021755,0.0
2497,2497,0,0.0013179531,0.0
2498,2498,0,0.014760357,0.0
2499,2499,0,0.002954648,0.0
2500,2500,0,0.0017906043,0.0
2501,2501,0,0.0016466487,0.0
2502,2502,0,0.0013409134,0.0
2503,2503,0,0.0027012033,0.0
2504,2504,1,0.6588408,1.0
2505,2505,0,0.0017832384,0.0
2506,2506,0,0.0005901706,0.0
2507,2507,0,0.0017138403,0.0
2508,2508,0,0.0014689807,0.0
2509,2509,0,0.0020660001,0.0
2510,2510,0,0.021735389,0.0
2511,2511,0,0.010844928,0.0
2512,2512,0,0.09127313,0.0
2513,2513,0,0.0072402656,0.0
2514,2514,0,0.0012140397,0.0
2515,2515,0,0.004025488,0.0
2516,2516,0,0.0012538467,0.0
2517,2517,0,0.0011676606,0.0
2518,2518,0,0.00978508,0.0
2519,2519,0,0.004882958,0.0
2520,2520,0,0.0019598256,0.0
2521,2521,0,0.0022015946,0.0
2522,2522,0,0.044544578,0.0
2523,2523,0,0.0013677928,0.0
2524,2524,0,0.0011816539,0.0
2525,2525,0,0.0029211426,0.0
2526,2526,0,0.0017500494,0.0
2527,2527,0,0.0032695439,0.0
2528,2528,0,0.0027974632,0.0
2529,2529,0,0.0013199336,0.0
2530,2530,0,0.0026402115,0.0
2531,2531,0,0.0009354475,0.0
2532,2532,0,0.002038418,0.0
2533,2533,0,0.020396855,0.0
2534,2534,0,0.0013612112,0.0
2535,2535,0,0.001039576,0.0
2536,2536,0,0.0020505362,0.0
2537,2537,0,0.003870414,0.0
2538,2538,0,0.0032800534,0.0
2539,2539,0,0.0011446823,0.0
2540,2540,1,0.76365674,1.0
2541,2541,0,0.020140372,0.0
2542,2542,0,0.069828406,0.0
2543,2543,0,0.0015805578,0.0
2544,2544,0,0.009557957,0.0
2545,2545,0,0.0021851049,0.0
2546,2546,0,0.0071828514,0.0
2547,2547,0,0.019136239,0.0
2548,2548,1,0.6475493,1.0
2549,2549,0,0.005380695,0.0
2550,2550,0,0.0011271809,0.0
2551,2551,0,0.0019471671,0.0
2552,2552,0,0.0059300913,0.0
2553,2553,0,0.0022198588,0.0
2554,2554,0,0.0006155674,0.0
2555,2555,0,0.0036033106,0.0
2556,2556,0,0.0008538643,0.0
2557,2557,0,0.0012431202,0.0
2558,2558,0,0.0061079552,0.0
2559,2559,0,0.029867837,0.0
2560,2560,0,0.0007578059,0.0
2561,2561,0,0.0061132223,0.0
2562,2562,0,0.19559138,0.0
2563,2563,0,0.021774974,0.0
2564,2564,0,0.0026322352,0.0
2565,2565,0,0.0011896979,0.0
2566,2566,0,0.0026827,0.0
2567,2567,0,0.0019823997,0.0
2568,2568,0,0.010057023,0.0
2569,2569,0,0.002475278,0.0
2570,2570,0,0.0024750188,0.0
2571,2571,0,0.031702112,0.0
2572,2572,0,0.10861794,0.0
2573,2573,0,0.45519668,0.0
2574,2574,0,0.016038109,0.0
2575,2575,1,0.7462107,1.0
2576,2576,0,0.0006561112,0.0
2577,2577,0,0.0014760394,0.0
2578,2578,0,0.0015813808,0.0
2579,2579,0,0.015730586,0.0
2580,2580,0,0.0023887502,0.0
2581,2581,0,0.0034823217,0.0
2582,2582,0,0.00066608744,0.0
2583,2583,0,0.00035414062,0.0
2584,2584,0,0.0034075235,0.0
2585,2585,0,0.057254065,0.0
2586,2586,0,0.003191308,0.0
2587,2587,0,0.0013403163,0.0
2588,2588,0,0.0017904136,0.0
2589,2589,0,0.033684887,0.0
2590,2590,0,0.004601285,0.0
2591,2591,1,0.8444463,1.0
2592,2592,0,0.0015768101,0.0
2593,2593,0,0.0019098523,0.0
2594,2594,0,0.0010532286,0.0
2595,2595,0,0.0008535413,0.0
2596,2596,0,0.0012381843,0.0
2597,2597,1,0.61614054,1.0
2598,2598,0,0.0058966903,0.0
2599,2599,0,0.0012282103,0.0
2600,2600,0,0.09979983,0.0
2601,2601,0,0.0022463335,0.0
2602,2602,0,0.0024031147,0.0
2603,2603,0,0.001076197,0.0
2604,2604,0,0.011368958,0.0
2605,2605,0,0.0027200128,0.0
2606,2606,0,0.0015760243,0.0
2607,2607,0,0.027356718,0.0
2608,2608,0,0.0018761683,0.0
2609,2609,0,0.0096511785,0.0
2610,2610,0,0.0027422793,0.0
2611,2611,0,0.0023592517,0.0
2612,2612,0,0.0016233396,0.0
2613,2613,0,0.0021816078,0.0
2614,2614,0,0.0019327294,0.0
2615,2615,0,0.00561646,0.0
2616,2616,0,0.025243353,0.0
2617,2617,0,0.001867949,0.0
2618,2618,0,0.061151423,0.0
2619,2619,0,0.0023173778,0.0
2620,2620,0,0.0016478362,0.0
2621,2621,0,0.017511234,0.0
2622,2622,0,0.003664713,0.0
2623,2623,1,0.65490395,1.0
2624,2624,0,0.0021922304,0.0
2625,2625,0,0.09237352,0.0
2626,2626,0,0.0016565133,0.0
2627,2627,0,0.015266431,0.0
2628,2628,0,0.00167684,0.0
2629,2629,0,0.0021097627,0.0
2630,2630,0,0.0017723202,0.0
2631,2631,0,0.0016315533,0.0
2632,2632,0,0.019582685,0.0
2633,2633,0,0.0033854332,0.0
2634,2634,0,0.003778651,0.0
2635,2635,0,0.0012713752,0.0
2636,2636,0,0.0016023781,0.0
2637,2637,0,0.008797665,0.0
2638,2638,0,0.0026405386,0.0
2639,2639,1,0.84102696,1.0
2640,2640,0,0.044122707,0.0
2641,2641,1,0.7717908,1.0
2642,2642,0,0.0021509654,0.0
2643,2643,0,0.0077008577,0.0
2644,2644,0,0.014825696,0.0
2645,2645,0,0.0014039805,0.0
2646,2646,0,0.001395811,0.0
2647,2647,0,0.02094217,0.0
2648,2648,0,0.0010275515,0.0
2649,2649,1,0.7537032,1.0
2650,2650,0,0.0007866061,0.0
2651,2651,0,0.0015739243,0.0
2652,2652,0,0.00144711,0.0
2653,2653,0,0.0010079755,0.0
2654,2654,0,0.04728955,0.0
2655,2655,0,0.0017852706,0.0
2656,2656,0,0.005365477,0.0
2657,2657,0,0.0026509608,0.0
2658,2658,0,0.0004209197,0.0
2659,2659,0,0.0023748605,0.0
2660,2660,0,0.013229042,0.0
2661,2661,0,0.017236937,0.0
2662,2662,0,0.1141276,0.0
2663,2663,0,0.0011897496,0.0
2664,2664,0,0.029875899,0.0
2665,2665,0,0.033545665,0.0
2666,2666,0,0.0005086569,0.0
2667,2667,0,0.0064605847,0.0
2668,2668,0,0.001790715,0.0
2669,2669,0,0.00098746,0.0
2670,2670,0,0.0052988385,0.0
2671,2671,0,0.21647315,0.0
2672,2672,0,0.0012469304,0.0
2673,2673,1,0.5450635,1.0
2674,2674,0,0.0012921174,0.0
2675,2675,0,0.02761417,0.0
2676,2676,0,0.010895737,0.0
2677,2677,0,0.021493968,0.0
2678,2678,0,0.0010670534,0.0
2679,2679,0,0.003304348,0.0
2680,2680,0,0.0022777077,0.0
2681,2681,0,0.0015487017,0.0
2682,2682,0,0.0020806438,0.0
2683,2683,0,0.0015586789,0.0
2684,2684,0,0.002594557,0.0
2685,2685,0,0.0005010416,0.0
2686,2686,0,0.001556278,0.0
2687,2687,1,0.7318639,1.0
2688,2688,0,0.32831898,0.0
2689,2689,0,0.04413285,0.0
2690,2690,0,0.010241034,0.0
2691,2691,0,0.0022246665,0.0
2692,2692,0,0.0026695188,0.0
2693,2693,1,0.67835945,1.0
2694,2694,0,0.014703557,0.0
2695,2695,0,0.0011803998,0.0
2696,2696,0,0.0067932718,0.0
2697,2697,0,0.0016531087,0.0
2698,2698,0,0.0012497758,0.0
2699,2699,0,0.00080491824,0.0
2700,2700,0,0.009695098,0.0
2701,2701,0,0.002396476,0.0
2702,2702,0,0.016662264,0.0
2703,2703,0,0.0017301152,0.0
2704,2704,0,0.0017577913,0.0
2705,2705,0,0.030357128,0.0
2706,2706,0,0.0024316143,0.0
2707,2707,0,0.0029697306,0.0
2708,2708,0,0.0007159057,0.0
2709,2709,0,0.00982544,0.0
2710,2710,0,0.0013038552,0.0
2711,2711,0,0.026334649,0.0
2712,2712,0,0.037965316,0.0
2713,2713,0,0.006309244,0.0
2714,2714,0,0.0020805816,0.0
2715,2715,0,0.004553574,0.0
2716,2716,0,0.033499293,0.0
2717,2717,0,0.002064179,0.0
2718,2718,0,0.0017169022,0.0
2719,2719,0,0.0024253726,0.0
2720,2720,0,0.016342763,0.0
2721,2721,0,0.0017015252,0.0
2722,2722,0,0.005260822,0.0
2723,2723,0,0.0014369404,0.0
2724,2724,0,0.001740555,0.0
2725,2725,0,0.0057765543,0.0
2726,2726,0,0.0055721053,0.0
2727,2727,0,0.0008654437,0.0
2728,2728,0,0.017908722,0.0
2729,2729,0,0.0014414686,0.0
2730,2730,0,0.0066323476,0.0
2731,2731,0,0.0029508858,0.0
2732,2732,0,0.0010072772,0.0
2733,2733,0,0.0016283735,0.0
2734,2734,0,0.08300254,0.0
2735,2735,0,0.28188035,0.0
2736,2736,0,0.0011299386,0.0
2737,2737,0,0.0020856862,0.0
2738,2738,0,0.31290245,0.0
2739,2739,0,0.0018188395,0.0
2740,2740,0,0.0009875783,0.0
2741,2741,0,0.0013258867,0.0
2742,2742,0,0.0015446262,0.0
2743,2743,0,0.005048094,0.0
2744,2744,0,0.04850805,0.0
2745,2745,0,0.32975033,0.0
2746,2746,0,0.0004311102,0.0
2747,2747,0,0.0030212607,0.0
2748,2748,0,0.0026635234,0.0
2749,2749,0,0.0036923687,0.0
2750,2750,0,0.00049133867,0.0
2751,2751,0,0.03209839,0.0
2752,2752,0,0.0046262955,0.0
2753,2753,0,0.5072428,1.0
2754,2754,0,0.0016719622,0.0
2755,2755,0,0.0054123662,0.0
2756,2756,0,0.0034396965,0.0
2757,2757,0,0.002034593,0.0
2758,2758,0,0.0004788422,0.0
2759,2759,0,0.018587917,0.0
2760,2760,0,0.09348027,0.0
2761,2761,0,0.0021603834,0.0
2762,2762,0,0.0032669306,0.0
2763,2763,1,0.89570475,1.0
2764,2764,0,0.3097476,0.0
2765,2765,0,0.050029777,0.0
2766,2766,0,0.0019523598,0.0
2767,2767,0,0.0013273174,0.0
2768,2768,0,0.01929046,0.0
2769,2769,0,0.00073129305,0.0
2770,2770,0,0.0016832486,0.0
2771,2771,0,0.01974708,0.0
2772,2772,0,0.0013472089,0.0
2773,2773,0,0.0008429779,0.0
2774,2774,0,0.0027709778,0.0
2775,2775,0,0.0019327812,0.0
2776,2776,0,0.0070802467,0.0
2777,2777,0,0.0030729945,0.0
2778,2778,0,0.0010888615,0.0
2779,2779,1,0.5635537,1.0
2780,2780,0,0.0018790439,0.0
2781,2781,0,0.027135024,0.0
2782,2782,0,0.027829584,0.0
2783,2783,0,0.33482954,0.0
2784,2784,0,0.0039091916,0.0
2785,2785,0,0.0036093134,0.0
2786,2786,0,0.008200876,0.0
2787,2787,0,0.0022840584,0.0
2788,2788,0,0.0026771813,0.0
2789,2789,0,0.0025217026,0.0
2790,2790,0,0.0064568953,0.0
2791,2791,0,0.0010923394,0.0
2792,2792,0,0.001153277,0.0
2793,2793,0,0.0072840704,0.0
2794,2794,0,0.15309608,0.0
2795,2795,0,0.003577045,0.0
2796,2796,0,0.0025283427,0.0
2797,2797,0,0.29063788,0.0
2798,2798,0,0.0012968183,0.0
2799,2799,0,0.0030859776,0.0
2800,2800,0,0.0044226944,0.0
2801,2801,0,0.0016414204,0.0
2802,2802,0,0.01961139,0.0
2803,2803,0,0.0020893249,0.0
2804,2804,0,0.015672784,0.0
2805,2805,0,0.002363432,0.0
2806,2806,0,0.0018866364,0.0
2807,2807,0,0.4197584,0.0
2808,2808,0,0.0015066641,0.0
2809,2809,0,0.0041899313,0.0
2810,2810,0,0.00741939,0.0
2811,2811,1,0.5551404,1.0
2812,2812,0,0.0015342155,0.0
2813,2813,0,0.0012214059,0.0
2814,2814,0,0.0061415373,0.0
2815,2815,0,0.019115731,0.0
2816,2816,0,0.0058826953,0.0
2817,2817,0,0.0015485433,0.0
2818,2818,0,0.10452088,0.0
2819,2819,0,0.001527086,0.0
2820,2820,0,0.003288164,0.0
2821,2821,0,0.0004738004,0.0
2822,2822,0,0.0013319692,0.0
2823,2823,1,0.7544957,1.0
2824,2824,0,0.0055742986,0.0
2825,2825,0,0.0017737787,0.0
2826,2826,0,0.0035020118,0.0
2827,2827,1,0.68018407,1.0
2828,2828,0,0.002262254,0.0
2829,2829,0,0.0011108352,0.0
2830,2830,0,0.0035815015,0.0
2831,2831,0,0.0038866878,0.0
2832,2832,0,0.001724517,0.0
2833,2833,0,0.020585688,0.0
2834,2834,0,0.0011163527,0.0
2835,2835,0,0.005079874,0.0
2836,2836,0,0.013192704,0.0
2837,2837,0,0.04006635,0.0
2838,2838,0,0.0803196,0.0
2839,2839,0,0.0012216927,0.0
2840,2840,0,0.00063889066,0.0
2841,2841,0,0.041299276,0.0
2842,2842,0,0.0012216421,0.0
2843,2843,0,0.0015185166,0.0
2844,2844,0,0.0026010268,0.0
2845,2845,0,0.0017935617,0.0
2846,2846,0,0.0003124043,0.0
2847,2847,0,0.0009946842,0.0
2848,2848,0,0.0013287879,0.0
2849,2849,0,0.0010530726,0.0
2850,2850,0,0.0042922064,0.0
2851,2851,0,0.0029294814,0.0
2852,2852,0,0.004761132,0.0
2853,2853,0,0.002518728,0.0
2854,2854,0,0.0029076273,0.0
2855,2855,0,0.0027469196,0.0
2856,2856,0,0.2545928,0.0
2857,2857,0,0.27578485,0.0
2858,2858,0,0.006702309,0.0
2859,2859,0,0.00200552,0.0
2860,2860,0,0.0016465678,0.0
2861,2861,0,0.021275321,0.0
2862,2862,0,0.0014858413,0.0
2863,2863,0,0.06565457,0.0
2864,2864,0,0.00062778784,0.0
2865,2865,0,0.0031768463,0.0
2866,2866,0,0.0049900156,0.0
2867,2867,0,0.0009657735,0.0
2868,2868,0,0.11799073,0.0
2869,2869,0,0.034608655,0.0
2870,2870,0,0.34110606,0.0
2871,2871,0,0.0021075476,0.0
2872,2872,0,0.0011711282,0.0
2873,2873,0,0.0021817964,0.0
2874,2874,0,0.0019575297,0.0
2875,2875,0,0.0011676637,0.0
2876,2876,0,0.0109705115,0.0
2877,2877,0,0.00093980116,0.0
2878,2878,0,0.0052063,0.0
2879,2879,0,0.06920261,0.0
2880,2880,0,0.0012655895,0.0
2881,2881,0,0.001259227,0.0
2882,2882,0,0.07796048,0.0
2883,2883,0,0.10225304,0.0
2884,2884,0,0.0011607864,0.0
2885,2885,0,0.0021291575,0.0
2886,2886,0,0.0020175942,0.0
2887,2887,0,0.011635627,0.0
2888,2888,0,0.0022350622,0.0
2889,2889,0,0.0013623649,0.0
2890,2890,0,0.0007936478,0.0
2891,2891,0,0.0016485915,0.0
2892,2892,0,0.0011262072,0.0
2893,2893,0,0.0078124492,0.0
2894,2894,0,0.1644717,0.0
2895,2895,0,0.0022068773,0.0
2896,2896,0,0.0020734412,0.0
2897,2897,0,0.00067018997,0.0
2898,2898,0,0.18913808,0.0
2899,2899,0,0.0006478846,0.0
2900,2900,0,0.0014374449,0.0
2901,2901,0,0.006121003,0.0
2902,2902,0,0.002236313,0.0
2903,2903,0,0.011994487,0.0
